Country,Year,Gini coefficient (before tax) (World Inequality Database)
Afghanistan,2008,0.5245
Afghanistan,2012,0.4927
Afghanistan,2018,0.5154
Albania,1996,0.4659
Albania,2002,0.4799
Albania,2005,0.4731
Albania,2008,0.4707
Albania,2012,0.4665
Albania,2015,0.4925
Albania,2016,0.5049
Albania,2017,0.4978
Albania,2018,0.4913
Albania,2019,0.4826
Albania,2020,0.4823
Albania,2021,0.485
Albania,2022,0.492
Algeria,2006,0.5687
Algeria,2011,0.5185
Algeria,2013,0.5801
Angola,2000,0.6825
Angola,2008,0.6094
Angola,2018,0.6856
Argentina,2001,0.6751
Argentina,2002,0.6839
Argentina,2003,0.6416
Argentina,2004,0.6339
Argentina,2005,0.6136
Argentina,2006,0.5952
Argentina,2007,0.6115
Argentina,2008,0.5714
Argentina,2009,0.5762
Argentina,2010,0.574
Argentina,2011,0.5539
Argentina,2012,0.5417
Argentina,2013,0.549
Argentina,2014,0.5695
Argentina,2017,0.564
Argentina,2018,0.563
Argentina,2019,0.5822
Argentina,2020,0.6113
Argentina,2021,0.5714
Argentina,2022,0.5721
Armenia,1996,0.5884
Armenia,1999,0.5529
Australia,1910,0.6099
Australia,1930,0.4834
Australia,1940,0.497
Australia,1950,0.4879
Australia,1951,0.4321
Australia,1952,0.4287
Australia,1953,0.4263
Australia,1954,0.4239
Australia,1955,0.4219
Australia,1956,0.4234
Australia,1957,0.4094
Australia,1958,0.467
Australia,1959,0.4541
Australia,1960,0.4526
Australia,1961,0.4537
Australia,1962,0.4582
Australia,1963,0.4612
Australia,1964,0.4544
Australia,1965,0.4517
Australia,1966,0.4448
Australia,1967,0.4463
Australia,1968,0.4432
Australia,1969,0.4396
Australia,1970,0.4372
Australia,1971,0.442
Australia,1972,0.437
Australia,1973,0.4301
Australia,1974,0.4223
Australia,1975,0.4173
Australia,1976,0.4131
Australia,1977,0.4134
Australia,1978,0.4123
Australia,1979,0.4159
Australia,1980,0.42
Australia,1981,0.4203
Australia,1982,0.4254
Australia,1983,0.421
Australia,1984,0.4235
Australia,1985,0.4263
Australia,1986,0.434
Australia,1987,0.4483
Australia,1988,0.4605
Australia,1989,0.4425
Australia,1990,0.438
Australia,1991,0.4497
Australia,1992,0.4445
Australia,1993,0.4511
Australia,1994,0.4553
Australia,1995,0.4581
Australia,1996,0.4562
Australia,1997,0.4546
Australia,1998,0.462
Australia,1999,0.465
Australia,2000,0.4677
Australia,2001,0.4607
Australia,2002,0.4751
Australia,2003,0.4701
Australia,2004,0.4745
Australia,2005,0.4813
Australia,2006,0.4823
Australia,2007,0.481
Australia,2008,0.4876
Australia,2009,0.4881
Australia,2010,0.4866
Australia,2011,0.4863
Australia,2012,0.4873
Australia,2013,0.4875
Australia,2014,0.488
Australia,2015,0.4893
Australia,2016,0.483
Australia,2017,0.4875
Australia,2018,0.4798
Australia,2019,0.4817
Australia,2020,0.4819
Australia,2021,0.4921
Australia,2022,0.4923
Austria,2004,0.4241
Austria,2005,0.4204
Austria,2006,0.4278
Austria,2007,0.4277
Austria,2008,0.4281
Austria,2009,0.4192
Austria,2010,0.4294
Austria,2011,0.4272
Austria,2012,0.4214
Austria,2015,0.4167
Austria,2016,0.4275
Austria,2017,0.4182
Azerbaijan,1995,0.5556
Bahrain,1995,0.6585
Bahrain,2005,0.6886
Bahrain,2009,0.5931
Bahrain,2015,0.67
Bangladesh,1820,0.5293
Bangladesh,1850,0.5392
Bangladesh,1880,0.5563
Bangladesh,1900,0.5538
Bangladesh,1910,0.5248
Bangladesh,1920,0.5551
Bangladesh,1930,0.5442
Bangladesh,1940,0.5682
Bangladesh,1950,0.4967
Bangladesh,1960,0.5383
Bangladesh,1970,0.5778
Bangladesh,1983,0.4732
Bangladesh,1985,0.4936
Bangladesh,1988,0.5105
Bangladesh,1991,0.4925
Bangladesh,1995,0.5501
Bangladesh,2000,0.5525
Bangladesh,2005,0.5639
Bangladesh,2010,0.5463
Bangladesh,2016,0.5298
Belgium,1985,0.4294
Belgium,1988,0.4502
Belgium,1991,0.4418
Belgium,1992,0.4402
Belgium,1993,0.4424
Belgium,1994,0.4458
Belgium,1995,0.4444
Belgium,1996,0.4481
Belgium,1997,0.4479
Belgium,1998,0.4507
Belgium,1999,0.4534
Belgium,2000,0.4529
Belgium,2001,0.4473
Belgium,2002,0.4422
Belgium,2003,0.445
Belgium,2004,0.4481
Belgium,2005,0.4455
Belgium,2006,0.4479
Belgium,2007,0.4535
Belgium,2008,0.4367
Belgium,2009,0.4321
Belgium,2010,0.4396
Belgium,2011,0.4327
Belgium,2012,0.4338
Belgium,2014,0.438
Belgium,2015,0.4384
Belgium,2016,0.4384
Belgium,2017,0.4363
Belgium,2018,0.4489
Belgium,2019,0.4501
Belgium,2020,0.4501
Belgium,2021,0.4505
Belgium,2022,0.4506
Benin,2003,0.5909
Benin,2011,0.6254
Benin,2015,0.6397
Benin,2018,0.5808
Benin,2021,0.5469
Bhutan,2003,0.6105
Bhutan,2007,0.5746
Bhutan,2012,0.5785
Bhutan,2017,0.5489
Bosnia and Herzegovina,1984,0.4015
Bosnia and Herzegovina,1985,0.396
Bosnia and Herzegovina,1986,0.401
Bosnia and Herzegovina,1987,0.4042
Bosnia and Herzegovina,1988,0.4273
Bosnia and Herzegovina,1990,0.3886
Bosnia and Herzegovina,2001,0.4648
Bosnia and Herzegovina,2004,0.4846
Bosnia and Herzegovina,2007,0.4809
Bosnia and Herzegovina,2011,0.4875
Bosnia and Herzegovina,2015,0.4831
Botswana,1985,0.7091
Botswana,1993,0.7683
Botswana,2002,0.7588
Botswana,2009,0.7338
Botswana,2015,0.7114
Brazil,2002,0.6956
Brazil,2003,0.6912
Brazil,2004,0.6863
Brazil,2005,0.7011
Brazil,2006,0.6996
Brazil,2007,0.6868
Brazil,2008,0.681
Brazil,2009,0.6767
Brazil,2012,0.6791
Brazil,2013,0.6714
Brazil,2014,0.6742
Brazil,2015,0.6821
Brazil,2016,0.6866
Brazil,2017,0.6853
Brazil,2018,0.6824
Brazil,2019,0.675
Brazil,2020,0.7033
Brazil,2021,0.7093
Brazil,2022,0.6973
Brunei,2005,0.4831
Brunei,2011,0.4629
Brunei,2016,0.4777
Bulgaria,1924,0.4062
Bulgaria,1925,0.4028
Bulgaria,1926,0.3972
Bulgaria,1927,0.3952
Bulgaria,1928,0.3937
Bulgaria,1929,0.39
Bulgaria,1930,0.3893
Bulgaria,1931,0.393
Bulgaria,1932,0.3936
Bulgaria,1933,0.3993
Bulgaria,1934,0.4003
Bulgaria,1935,0.4005
Bulgaria,1936,0.4008
Bulgaria,1937,0.4048
Bulgaria,1938,0.4056
Bulgaria,1939,0.4048
Bulgaria,1940,0.4101
Bulgaria,1941,0.4076
Bulgaria,1942,0.407
Bulgaria,1943,0.4017
Bulgaria,1944,0.4014
Bulgaria,1945,0.4019
Bulgaria,1980,0.333
Bulgaria,1981,0.329
Bulgaria,1982,0.3544
Bulgaria,1983,0.3444
Bulgaria,1984,0.3437
Bulgaria,1987,0.2969
Bulgaria,1988,0.2948
Bulgaria,1989,0.329
Bulgaria,1990,0.36
Bulgaria,1993,0.452
Bulgaria,1994,0.4974
Bulgaria,1995,0.5128
Bulgaria,1996,0.4966
Bulgaria,1997,0.4924
Bulgaria,1998,0.474
Bulgaria,1999,0.47
Bulgaria,2000,0.4613
Bulgaria,2001,0.4723
Bulgaria,2002,0.4897
Bulgaria,2003,0.4772
Bulgaria,2006,0.4851
Bulgaria,2009,0.4702
Bulgaria,2010,0.4717
Bulgaria,2011,0.4723
Bulgaria,2012,0.4932
Bulgaria,2013,0.4736
Bulgaria,2014,0.4952
Bulgaria,2015,0.5054
Bulgaria,2016,0.5294
Bulgaria,2017,0.5486
Bulgaria,2018,0.5472
Bulgaria,2019,0.5308
Bulgaria,2020,0.5308
Bulgaria,2021,0.5455
Bulgaria,2022,0.5563
Bulgaria,2023,0.5501
Burkina Faso,1994,0.6733
Burkina Faso,1998,0.6963
Burkina Faso,2003,0.6218
Burkina Faso,2009,0.6017
Burkina Faso,2014,0.5714
Burkina Faso,2018,0.6296
Burkina Faso,2021,0.5796
Burundi,1992,0.5381
Burundi,1998,0.609
Burundi,2006,0.5546
Burundi,2013,0.5873
Burundi,2020,0.5771
Cambodia,2010,0.669
Cambodia,2011,0.5893
Cambodia,2012,0.5781
Cambodia,2013,0.591
Cambodia,2014,0.5805
Cameroon,1945,0.6463
Cameroon,1996,0.6414
Cameroon,2001,0.6207
Cameroon,2007,0.6167
Cameroon,2014,0.6377
Cameroon,2021,0.5996
Canada,1920,0.479
Canada,1930,0.4818
Canada,1940,0.4934
Canada,1950,0.4109
Canada,1951,0.3972
Canada,1952,0.3983
Canada,1953,0.4052
Canada,1954,0.4141
Canada,1955,0.4105
Canada,1956,0.4042
Canada,1957,0.4084
Canada,1958,0.4121
Canada,1959,0.4127
Canada,1960,0.4155
Canada,1961,0.4197
Canada,1962,0.4091
Canada,1963,0.4063
Canada,1964,0.409
Canada,1965,0.4048
Canada,1966,0.4008
Canada,1967,0.4038
Canada,1968,0.4053
Canada,1969,0.406
Canada,1970,0.4103
Canada,1971,0.409
Canada,1972,0.4083
Canada,1973,0.4068
Canada,1974,0.4092
Canada,1975,0.419
Canada,1976,0.4134
Canada,1977,0.4088
Canada,1978,0.4109
Canada,1979,0.4127
Canada,1980,0.4204
Canada,1981,0.411
Canada,1982,0.4085
Canada,1983,0.4136
Canada,1984,0.4145
Canada,1985,0.4172
Canada,1986,0.4279
Canada,1987,0.4295
Canada,1988,0.435
Canada,1989,0.4441
Canada,1990,0.4498
Canada,1991,0.4571
Canada,1992,0.4593
Canada,1993,0.4696
Canada,1994,0.4714
Canada,1995,0.4791
Canada,1996,0.484
Canada,1997,0.4902
Canada,1998,0.4918
Canada,1999,0.4927
Canada,2000,0.5017
Canada,2001,0.4982
Canada,2002,0.5002
Canada,2003,0.503
Canada,2004,0.5071
Canada,2005,0.5104
Canada,2006,0.5139
Canada,2007,0.5139
Canada,2008,0.5072
Canada,2009,0.497
Canada,2010,0.502
Canada,2011,0.5014
Canada,2012,0.4968
Canada,2013,0.4975
Canada,2014,0.4946
Canada,2015,0.4935
Canada,2016,0.4826
Canada,2017,0.4878
Canada,2018,0.4845
Canada,2019,0.483
Canada,2020,0.4967
Canada,2021,0.4974
Canada,2022,0.5047
Cape Verde,2001,0.7003
Cape Verde,2007,0.6553
Cape Verde,2015,0.6066
Central African Republic,1992,0.746
Central African Republic,2008,0.7332
Central African Republic,2021,0.6157
Chad,2003,0.5903
Chad,2011,0.6094
Chad,2018,0.5756
Chad,2022,0.5711
Chile,2000,0.7275
Chile,2003,0.7065
Chile,2006,0.742
Chile,2009,0.7343
Chile,2011,0.7642
Chile,2013,0.7475
Chile,2015,0.7417
Chile,2017,0.7273
Chile,2020,0.7187
Chile,2022,0.7054
China,1979,0.3783
China,1980,0.3847
China,1981,0.3894
China,1982,0.3916
China,1983,0.3943
China,1984,0.3992
China,1985,0.4067
China,1986,0.4165
China,1987,0.4203
China,1988,0.4238
China,1989,0.4327
China,1990,0.4295
China,1991,0.4447
China,1992,0.4594
China,1993,0.4742
China,1994,0.4802
China,1995,0.4742
China,1996,0.4684
China,1997,0.4681
China,1998,0.469
China,1999,0.4782
China,2000,0.495
China,2001,0.5044
China,2002,0.5315
China,2003,0.5398
China,2004,0.5431
China,2005,0.5551
China,2006,0.5563
China,2007,0.5597
China,2008,0.56
China,2009,0.5606
China,2010,0.5647
China,2011,0.563
China,2012,0.5517
China,2013,0.56
China,2014,0.5528
China,2015,0.5536
Colombia,2003,0.7112
Colombia,2004,0.7241
Colombia,2005,0.7131
Colombia,2009,0.7113
Colombia,2010,0.7099
Colombia,2011,0.7107
Colombia,2012,0.6924
Colombia,2013,0.6947
Colombia,2014,0.6759
Colombia,2015,0.6749
Colombia,2016,0.6767
Colombia,2017,0.6978
Colombia,2018,0.7046
Colombia,2019,0.7091
Colombia,2020,0.7348
Colombia,2021,0.7282
Colombia,2022,0.7492
Comoros,2004,0.7391
Comoros,2014,0.6215
Congo,2005,0.6535
Congo,2011,0.6648
Costa Rica,2011,0.6558
Costa Rica,2012,0.6521
Costa Rica,2013,0.6692
Costa Rica,2014,0.668
Costa Rica,2015,0.6741
Costa Rica,2016,0.6795
Costa Rica,2017,0.668
Costa Rica,2018,0.6695
Costa Rica,2019,0.6904
Costa Rica,2020,0.7167
Costa Rica,2021,0.7081
Costa Rica,2022,0.6535
Cote d'Ivoire,1986,0.5762
Cote d'Ivoire,1987,0.5989
Cote d'Ivoire,1988,0.5631
Cote d'Ivoire,1992,0.5774
Cote d'Ivoire,1995,0.604
Cote d'Ivoire,2008,0.6095
Cote d'Ivoire,2015,0.6006
Cote d'Ivoire,2018,0.5685
Cote d'Ivoire,2021,0.5547
Croatia,1967,0.3965
Croatia,1968,0.3965
Croatia,1970,0.3972
Croatia,1973,0.3964
Croatia,1974,0.3967
Croatia,1977,0.3972
Croatia,1978,0.3976
Croatia,1979,0.3985
Croatia,1984,0.4085
Croatia,1985,0.4097
Croatia,1986,0.4133
Croatia,1987,0.3943
Croatia,1988,0.3979
Croatia,1990,0.4347
Croatia,1998,0.4669
Croatia,1999,0.4761
Croatia,2000,0.4584
Croatia,2001,0.4592
Croatia,2002,0.4477
Croatia,2003,0.4414
Croatia,2004,0.4494
Croatia,2005,0.4638
Croatia,2006,0.4614
Croatia,2007,0.4738
Croatia,2008,0.4713
Croatia,2009,0.4624
Croatia,2010,0.4603
Croatia,2011,0.4692
Croatia,2012,0.4685
Croatia,2013,0.4646
Croatia,2014,0.4706
Croatia,2015,0.4696
Croatia,2016,0.461
Croatia,2017,0.4639
Croatia,2018,0.4721
Croatia,2019,0.4705
Croatia,2020,0.4705
Croatia,2021,0.472
Croatia,2022,0.4715
Cyprus,1990,0.4934
Cyprus,1996,0.4785
Cyprus,2004,0.4325
Cyprus,2005,0.4284
Cyprus,2006,0.4437
Cyprus,2007,0.4327
Cyprus,2008,0.4662
Cyprus,2009,0.471
Cyprus,2010,0.4581
Cyprus,2011,0.4941
Cyprus,2012,0.4994
Cyprus,2015,0.5015
Cyprus,2016,0.4834
Cyprus,2017,0.4727
Cyprus,2018,0.4865
Cyprus,2019,0.4558
Cyprus,2020,0.4558
Cyprus,2021,0.4533
Cyprus,2022,0.4491
Czechia,1980,0.2766
Czechia,1981,0.2641
Czechia,1985,0.2679
Czechia,1989,0.2823
Czechia,1990,0.2952
Czechia,1993,0.3685
Czechia,1994,0.3869
Czechia,1995,0.3835
Czechia,1996,0.3896
Czechia,1997,0.3793
Czechia,1998,0.3886
Czechia,1999,0.3867
Czechia,2000,0.3868
Czechia,2001,0.3882
Czechia,2002,0.3774
Czechia,2005,0.3883
Czechia,2006,0.3939
Czechia,2007,0.3924
Czechia,2008,0.4089
Czechia,2009,0.3848
Czechia,2010,0.3879
Czechia,2011,0.3745
Czechia,2012,0.3883
Czechia,2013,0.3768
Czechia,2014,0.3899
Czechia,2015,0.3976
Czechia,2016,0.3852
Czechia,2017,0.386
Czechia,2018,0.3803
Czechia,2019,0.3809
Czechia,2020,0.3809
Czechia,2021,0.381
Czechia,2022,0.3812
Democratic Republic of Congo,2004,0.606
Democratic Republic of Congo,2012,0.6035
Democratic Republic of Congo,2020,0.6391
Denmark,1981,0.3718
Denmark,1982,0.3708
Denmark,1983,0.3793
Denmark,1984,0.3823
Denmark,1985,0.3883
Denmark,1986,0.3775
Denmark,1987,0.3794
Denmark,1988,0.3765
Denmark,1989,0.3793
Denmark,1990,0.3804
Denmark,1991,0.3773
Denmark,1992,0.3795
Denmark,1993,0.3787
Denmark,1994,0.3847
Denmark,1995,0.3843
Denmark,1996,0.3868
Denmark,1997,0.3971
Denmark,1998,0.3951
Denmark,1999,0.4082
Denmark,2000,0.412
Denmark,2001,0.3966
Denmark,2002,0.392
Denmark,2003,0.3826
Denmark,2004,0.3908
Denmark,2005,0.4039
Denmark,2006,0.408
Denmark,2007,0.402
Denmark,2008,0.4048
Denmark,2009,0.3955
Denmark,2010,0.4186
Denmark,2011,0.4209
Denmark,2012,0.4225
Denmark,2013,0.4333
Denmark,2014,0.4392
Denmark,2015,0.436
Denmark,2016,0.439
Denmark,2017,0.4405
Denmark,2018,0.442
Denmark,2019,0.4394
Denmark,2020,0.4394
Denmark,2021,0.4412
Denmark,2022,0.4417
Djibouti,2002,0.5907
Djibouti,2013,0.6217
Djibouti,2017,0.601
Dominican Republic,2013,0.6908
Dominican Republic,2014,0.6791
Dominican Republic,2015,0.6813
Dominican Republic,2016,0.6789
Dominican Republic,2017,0.6571
Dominican Republic,2018,0.6703
Dominican Republic,2019,0.6491
Dominican Republic,2020,0.643
Dominican Republic,2021,0.6268
Dominican Republic,2022,0.6059
East Asia (WID),1820,0.5369
East Asia (WID),1850,0.5484
East Asia (WID),1880,0.5829
East Asia (WID),1900,0.6052
East Asia (WID),1910,0.599
East Asia (WID),1920,0.6334
East Asia (WID),1930,0.6345
East Asia (WID),1940,0.637
East Asia (WID),1950,0.4626
East Asia (WID),1960,0.524
East Asia (WID),1970,0.6238
East Asia (WID),1980,0.6582
East Asia (WID),1981,0.6573
East Asia (WID),1982,0.6528
East Asia (WID),1983,0.6496
East Asia (WID),1984,0.6456
East Asia (WID),1985,0.6454
East Asia (WID),1986,0.6482
East Asia (WID),1987,0.6493
East Asia (WID),1988,0.6576
East Asia (WID),1989,0.6674
East Asia (WID),1990,0.6747
East Asia (WID),1991,0.6749
East Asia (WID),1992,0.6674
East Asia (WID),1993,0.6628
East Asia (WID),1994,0.6572
East Asia (WID),1995,0.6474
East Asia (WID),1996,0.648
East Asia (WID),1997,0.6411
East Asia (WID),1998,0.6403
East Asia (WID),1999,0.6407
East Asia (WID),2000,0.6475
East Asia (WID),2001,0.6502
East Asia (WID),2002,0.6528
East Asia (WID),2003,0.6507
East Asia (WID),2004,0.6474
East Asia (WID),2005,0.6502
East Asia (WID),2006,0.6423
East Asia (WID),2007,0.6314
East Asia (WID),2008,0.6239
East Asia (WID),2009,0.619
East Asia (WID),2010,0.6198
East Asia (WID),2011,0.6127
East Asia (WID),2012,0.5988
East Asia (WID),2013,0.6011
East Asia (WID),2014,0.592
East Asia (WID),2015,0.5895
East Asia (WID),2016,0.5882
East Asia (WID),2017,0.5921
East Asia (WID),2018,0.5891
East Asia (WID),2019,0.5848
East Asia (WID),2020,0.5881
East Asia (WID),2021,0.5879
East Asia (WID),2022,0.5888
East Asia (WID),2023,0.5886
East Asia (WID),2024,0.5894
East Germany,1980,0.2863
East Germany,1981,0.2881
East Germany,1982,0.2898
East Germany,1983,0.2915
East Germany,1984,0.2954
East Germany,1985,0.2993
East Germany,1986,0.301
East Germany,1987,0.3027
East Germany,1988,0.3045
East Germany,1989,0.3045
East Germany,1990,0.3045
East Timor,2001,0.5885
East Timor,2007,0.5229
East Timor,2014,0.5296
Ecuador,2001,0.6731
Ecuador,2003,0.6604
Ecuador,2006,0.6257
Ecuador,2007,0.6674
Ecuador,2008,0.6381
Ecuador,2009,0.63
Ecuador,2010,0.6428
Ecuador,2011,0.6032
Ecuador,2012,0.6169
Ecuador,2013,0.5979
Ecuador,2014,0.5761
Ecuador,2015,0.5654
Ecuador,2016,0.5604
Ecuador,2017,0.5734
Ecuador,2018,0.5866
Ecuador,2019,0.5882
Ecuador,2020,0.6227
Ecuador,2021,0.6314
Ecuador,2022,0.6125
Egypt,1990,0.5511
Egypt,1995,0.5444
Egypt,1999,0.5961
Egypt,2004,0.5891
Egypt,2008,0.5902
Egypt,2010,0.5691
Egypt,2012,0.5835
Egypt,2015,0.5965
Egypt,2017,0.5867
Egypt,2020,0.5773
El Salvador,2001,0.6725
El Salvador,2002,0.6708
El Salvador,2003,0.6565
El Salvador,2004,0.6598
El Salvador,2005,0.6772
El Salvador,2006,0.6533
El Salvador,2007,0.6615
El Salvador,2010,0.6385
El Salvador,2013,0.6683
El Salvador,2014,0.6659
El Salvador,2015,0.6313
El Salvador,2016,0.6498
El Salvador,2017,0.6133
El Salvador,2018,0.6136
El Salvador,2019,0.6164
El Salvador,2020,0.6412
El Salvador,2021,0.6047
El Salvador,2022,0.5963
Equatorial Guinea,2022,0.5729
Estonia,1988,0.3639
Estonia,1993,0.5349
Estonia,1998,0.5386
Estonia,2001,0.5369
Estonia,2002,0.5527
Estonia,2003,0.5628
Estonia,2004,0.5401
Estonia,2005,0.5625
Estonia,2006,0.5336
Estonia,2007,0.519
Estonia,2008,0.4983
Estonia,2009,0.4705
Estonia,2010,0.4881
Estonia,2011,0.5002
Estonia,2012,0.5147
Estonia,2013,0.5225
Estonia,2014,0.5181
Estonia,2015,0.4941
Estonia,2016,0.4858
Estonia,2017,0.4846
Estonia,2018,0.4846
Estonia,2019,0.5255
Estonia,2020,0.5255
Estonia,2021,0.5336
Estonia,2022,0.5422
Eswatini,1994,0.7581
Eswatini,2000,0.7085
Eswatini,2009,0.6799
Eswatini,2016,0.7047
Ethiopia,1995,0.6651
Ethiopia,1999,0.5221
Ethiopia,2004,0.5268
Ethiopia,2010,0.545
Ethiopia,2015,0.5543
Ethiopia,2021,0.5157
Europe (WID),1820,0.6012
Europe (WID),1850,0.6103
Europe (WID),1880,0.614
Europe (WID),1900,0.6252
Europe (WID),1910,0.6129
Europe (WID),1920,0.5609
Europe (WID),1930,0.5395
Europe (WID),1940,0.5293
Europe (WID),1950,0.4839
Europe (WID),1960,0.4754
Europe (WID),1970,0.4453
Europe (WID),1980,0.4334
Europe (WID),1981,0.4338
Europe (WID),1982,0.4339
Europe (WID),1983,0.4325
Europe (WID),1984,0.4345
Europe (WID),1985,0.4371
Europe (WID),1986,0.4405
Europe (WID),1987,0.4431
Europe (WID),1988,0.448
Europe (WID),1989,0.4551
Europe (WID),1990,0.4635
Europe (WID),1991,0.4713
Europe (WID),1992,0.4792
Europe (WID),1993,0.4827
Europe (WID),1994,0.4853
Europe (WID),1995,0.4873
Europe (WID),1996,0.4895
Europe (WID),1997,0.4927
Europe (WID),1998,0.4976
Europe (WID),1999,0.4994
Europe (WID),2000,0.4991
Europe (WID),2001,0.4982
Europe (WID),2002,0.4974
Europe (WID),2003,0.4971
Europe (WID),2004,0.4977
Europe (WID),2005,0.5019
Europe (WID),2006,0.5028
Europe (WID),2007,0.5055
Europe (WID),2008,0.4975
Europe (WID),2009,0.4957
Europe (WID),2010,0.493
Europe (WID),2011,0.4927
Europe (WID),2012,0.4938
Europe (WID),2013,0.4968
Europe (WID),2014,0.4961
Europe (WID),2015,0.4948
Europe (WID),2016,0.492
Europe (WID),2017,0.4906
Europe (WID),2018,0.4886
Europe (WID),2019,0.4857
Europe (WID),2020,0.4858
Europe (WID),2021,0.4856
Europe (WID),2022,0.4847
Europe (WID),2023,0.4843
Europe (WID),2024,0.4838
Finland,1920,0.5277
Finland,1921,0.5225
Finland,1922,0.5162
Finland,1923,0.5072
Finland,1924,0.5021
Finland,1925,0.4982
Finland,1926,0.49
Finland,1927,0.4854
Finland,1928,0.4808
Finland,1929,0.4754
Finland,1930,0.4704
Finland,1931,0.472
Finland,1932,0.4722
Finland,1933,0.4751
Finland,1934,0.4757
Finland,1935,0.4737
Finland,1936,0.4762
Finland,1937,0.4787
Finland,1938,0.4784
Finland,1939,0.4804
Finland,1940,0.4786
Finland,1941,0.4716
Finland,1942,0.4671
Finland,1943,0.458
Finland,1944,0.4531
Finland,1945,0.4492
Finland,1946,0.4393
Finland,1947,0.435
Finland,1948,0.4313
Finland,1949,0.4251
Finland,1950,0.4217
Finland,1951,0.4227
Finland,1952,0.4222
Finland,1953,0.424
Finland,1954,0.4244
Finland,1955,0.4234
Finland,1956,0.4251
Finland,1957,0.4243
Finland,1958,0.4245
Finland,1959,0.4262
Finland,1960,0.4234
Finland,1961,0.4221
Finland,1962,0.4174
Finland,1963,0.417
Finland,1964,0.412
Finland,1965,0.4086
Finland,1966,0.4065
Finland,1967,0.4036
Finland,1968,0.3997
Finland,1969,0.3919
Finland,1970,0.3895
Finland,1971,0.3874
Finland,1972,0.386
Finland,1973,0.3806
Finland,1974,0.3782
Finland,1975,0.3761
Finland,1976,0.372
Finland,1977,0.3694
Finland,1978,0.3669
Finland,1979,0.364
Finland,1980,0.3933
Finland,1981,0.3859
Finland,1982,0.3884
Finland,1983,0.3909
Finland,1984,0.3829
Finland,1985,0.3866
Finland,1986,0.3846
Finland,1987,0.389
Finland,1988,0.3929
Finland,1989,0.3851
Finland,1990,0.37
Finland,1991,0.3597
Finland,1992,0.3572
Finland,1993,0.3645
Finland,1994,0.3939
Finland,1995,0.4048
Finland,1996,0.4074
Finland,1997,0.4198
Finland,1998,0.4247
Finland,1999,0.4257
Finland,2000,0.4378
Finland,2001,0.4312
Finland,2002,0.4261
Finland,2003,0.4234
Finland,2004,0.431
Finland,2005,0.423
Finland,2006,0.4338
Finland,2007,0.4324
Finland,2008,0.4466
Finland,2009,0.4357
Finland,2010,0.442
Finland,2011,0.4401
Finland,2012,0.4346
Finland,2013,0.4309
Finland,2014,0.4345
Finland,2015,0.4422
Finland,2016,0.4399
Finland,2017,0.4448
Finland,2018,0.4425
Finland,2019,0.4386
Finland,2020,0.4386
Finland,2021,0.4352
Finland,2022,0.433
France,1910,0.5991
France,1915,0.5994
France,1916,0.6112
France,1917,0.6095
France,1918,0.5866
France,1919,0.5952
France,1920,0.5844
France,1921,0.576
France,1922,0.5887
France,1923,0.6039
France,1924,0.5907
France,1925,0.5866
France,1926,0.5699
France,1927,0.5786
France,1928,0.5764
France,1929,0.5637
France,1930,0.5461
France,1931,0.5448
France,1932,0.5638
France,1933,0.5795
France,1934,0.5838
France,1935,0.5906
France,1936,0.5668
France,1937,0.5601
France,1938,0.5517
France,1939,0.5246
France,1940,0.5337
France,1941,0.5258
France,1942,0.4973
France,1943,0.4576
France,1944,0.4414
France,1945,0.4332
France,1946,0.468
France,1947,0.4798
France,1948,0.4618
France,1949,0.4627
France,1950,0.4605
France,1951,0.4719
France,1952,0.4782
France,1953,0.4753
France,1954,0.4823
France,1955,0.4886
France,1956,0.4841
France,1957,0.4888
France,1958,0.4842
France,1959,0.4994
France,1960,0.4986
France,1961,0.5031
France,1962,0.496
France,1963,0.4996
France,1964,0.5018
France,1965,0.5078
France,1966,0.4997
France,1967,0.4984
France,1968,0.4841
France,1969,0.4742
France,1970,0.4684
France,1971,0.4656
France,1972,0.4606
France,1973,0.4695
France,1974,0.4648
France,1975,0.4603
France,1976,0.4569
France,1977,0.4381
France,1978,0.4299
France,1979,0.4358
France,1980,0.4075
France,1981,0.4054
France,1982,0.4031
France,1983,0.4042
France,1984,0.4069
France,1985,0.4087
France,1986,0.415
France,1987,0.4186
France,1988,0.4213
France,1989,0.4301
France,1990,0.4332
France,1991,0.4274
France,1992,0.4282
France,1993,0.4282
France,1994,0.4338
France,1995,0.4337
France,1996,0.441
France,1997,0.4462
France,1998,0.4515
France,1999,0.4506
France,2000,0.4529
France,2001,0.4526
France,2002,0.4546
France,2003,0.4571
France,2004,0.4624
France,2005,0.4615
France,2006,0.4582
France,2007,0.466
France,2008,0.4681
France,2009,0.4531
France,2010,0.4567
France,2011,0.4552
France,2012,0.4464
France,2013,0.4425
France,2014,0.4415
France,2015,0.4511
France,2016,0.4503
France,2017,0.4524
France,2018,0.4583
France,2019,0.4557
France,2020,0.4541
France,2021,0.4625
France,2022,0.4592
Gabon,2005,0.6138
Gabon,2017,0.5594
Gambia,1998,0.6585
Gambia,2003,0.6542
Gambia,2010,0.6339
Gambia,2015,0.5642
Gambia,2020,0.5864
Georgia,1997,0.588
Georgia,1998,0.6149
Georgia,1999,0.5903
Georgia,2000,0.5919
Georgia,2001,0.5901
Georgia,2002,0.5677
Georgia,2003,0.5619
Georgia,2004,0.5578
Georgia,2005,0.5723
Georgia,2006,0.5712
Georgia,2007,0.5893
Georgia,2008,0.5834
Georgia,2009,0.5643
Georgia,2010,0.5742
Georgia,2011,0.6085
Georgia,2012,0.576
Georgia,2013,0.6109
Georgia,2014,0.5755
Georgia,2015,0.5775
Georgia,2016,0.5933
Georgia,2017,0.5974
Georgia,2018,0.5922
Georgia,2022,0.5932
Georgia,2023,0.5932
Georgia,2024,0.5932
Germany,1981,0.3997
Germany,1982,0.3963
Germany,1983,0.4003
Germany,1984,0.397
Germany,1985,0.3995
Germany,1986,0.4049
Germany,1987,0.4116
Germany,1988,0.4253
Germany,1989,0.4355
Germany,1990,0.4371
Germany,1991,0.4265
Germany,1992,0.4205
Germany,1993,0.4149
Germany,1994,0.4113
Germany,1995,0.4084
Germany,1996,0.4191
Germany,1997,0.4286
Germany,1998,0.4375
Germany,1999,0.4363
Germany,2000,0.4361
Germany,2001,0.4374
Germany,2002,0.4437
Germany,2003,0.434
Germany,2004,0.4449
Germany,2005,0.4674
Germany,2006,0.4704
Germany,2007,0.4842
Germany,2008,0.4838
Germany,2009,0.4849
Germany,2010,0.4802
Germany,2011,0.4828
Germany,2012,0.4822
Germany,2013,0.496
Germany,2014,0.4993
Germany,2015,0.4977
Germany,2016,0.4957
Germany,2017,0.4926
Germany,2018,0.4878
Germany,2019,0.4886
Germany,2020,0.4886
Germany,2021,0.4883
Germany,2022,0.49
Ghana,1943,0.6491
Ghana,1951,0.6522
Ghana,1952,0.6559
Ghana,1953,0.6634
Ghana,1954,0.6659
Ghana,1955,0.6684
Ghana,1956,0.6763
Ghana,1957,0.6786
Ghana,1958,0.6807
Ghana,1959,0.6813
Ghana,1988,0.5573
Ghana,1991,0.5794
Ghana,1998,0.5805
Ghana,2005,0.6098
Ghana,2012,0.6027
Ghana,2016,0.6078
Greece,1967,0.4487
Greece,1968,0.4506
Greece,1969,0.4564
Greece,1970,0.4587
Greece,1971,0.4608
Greece,1972,0.4626
Greece,1973,0.4683
Greece,1974,0.4706
Greece,1975,0.4727
Greece,1976,0.4755
Greece,1977,0.4796
Greece,1978,0.4825
Greece,1979,0.4857
Greece,1980,0.4906
Greece,1981,0.5051
Greece,1982,0.4977
Greece,1983,0.4847
Greece,1984,0.4815
Greece,1985,0.4899
Greece,1986,0.4758
Greece,1987,0.4688
Greece,1988,0.4838
Greece,1989,0.4733
Greece,1990,0.4792
Greece,1991,0.4697
Greece,1992,0.462
Greece,1993,0.4821
Greece,1994,0.4961
Greece,1995,0.4981
Greece,1996,0.5022
Greece,1997,0.5226
Greece,1998,0.5302
Greece,1999,0.5321
Greece,2000,0.5425
Greece,2001,0.5392
Greece,2002,0.5116
Greece,2003,0.4952
Greece,2004,0.4996
Greece,2005,0.5056
Greece,2006,0.4939
Greece,2007,0.4828
Greece,2008,0.458
Greece,2009,0.4511
Greece,2010,0.4646
Greece,2011,0.4532
Greece,2012,0.4565
Greece,2013,0.4615
Greece,2014,0.4858
Greece,2015,0.4835
Greece,2016,0.4701
Greece,2017,0.4617
Greece,2018,0.4484
Greece,2019,0.4452
Greece,2020,0.4452
Greece,2021,0.4485
Greece,2022,0.4534
Guinea,1991,0.608
Guinea,1994,0.6462
Guinea,2002,0.624
Guinea,2007,0.5816
Guinea,2012,0.5381
Guinea,2018,0.4947
Guinea-Bissau,1991,0.7045
Guinea-Bissau,1993,0.6295
Guinea-Bissau,2002,0.5578
Guinea-Bissau,2010,0.6855
Guinea-Bissau,2018,0.5534
Guinea-Bissau,2021,0.5366
Hong Kong,1981,0.5253
Hong Kong,1986,0.5184
Hong Kong,1991,0.5515
Hong Kong,1996,0.5316
Hong Kong,2001,0.5569
Hong Kong,2006,0.6087
Hong Kong,2011,0.6101
Hong Kong,2016,0.5932
Hong Kong,2022,0.5932
Hong Kong,2023,0.5932
Hong Kong,2024,0.5932
Hungary,1914,0.5052
Hungary,1915,0.4912
Hungary,1927,0.3995
Hungary,1930,0.3893
Hungary,1931,0.3923
Hungary,1932,0.3936
Hungary,1933,0.3969
Hungary,1934,0.3983
Hungary,1935,0.3996
Hungary,1936,0.4012
Hungary,1937,0.4035
Hungary,1938,0.4062
Hungary,1939,0.4075
Hungary,1940,0.4101
Hungary,1951,0.3952
Hungary,1955,0.395
Hungary,1956,0.395
Hungary,1957,0.395
Hungary,1958,0.3949
Hungary,1960,0.3948
Hungary,1961,0.3842
Hungary,1962,0.3735
Hungary,1964,0.3521
Hungary,1966,0.3308
Hungary,1968,0.3094
Hungary,1970,0.2881
Hungary,1972,0.2667
Hungary,1974,0.2454
Hungary,1976,0.224
Hungary,1978,0.2026
Hungary,1980,0.2473
Hungary,1982,0.2426
Hungary,1984,0.2114
Hungary,1987,0.231
Hungary,1988,0.2439
Hungary,1992,0.3511
Hungary,1993,0.3502
Hungary,1994,0.3544
Hungary,1995,0.3396
Hungary,1996,0.3441
Hungary,1997,0.3544
Hungary,1998,0.3556
Hungary,1999,0.3735
Hungary,2000,0.3699
Hungary,2001,0.3889
Hungary,2002,0.4056
Hungary,2003,0.4099
Hungary,2004,0.3985
Hungary,2005,0.4136
Hungary,2006,0.4325
Hungary,2007,0.4399
Hungary,2008,0.4293
Hungary,2009,0.4219
Hungary,2010,0.4276
Hungary,2011,0.4209
Hungary,2012,0.4134
Hungary,2013,0.4262
Hungary,2014,0.4246
Hungary,2015,0.4255
Hungary,2016,0.4227
Hungary,2017,0.4229
Hungary,2018,0.4268
Hungary,2019,0.4294
Hungary,2020,0.4294
Hungary,2021,0.4285
Hungary,2022,0.4328
Iceland,1991,0.4174
Iceland,1992,0.4174
Iceland,1993,0.4172
Iceland,1994,0.4181
Iceland,1995,0.4168
Iceland,1996,0.4186
Iceland,1997,0.4207
Iceland,1998,0.423
Iceland,1999,0.4257
Iceland,2000,0.4246
Iceland,2001,0.4377
Iceland,2002,0.4426
Iceland,2003,0.4353
Iceland,2004,0.4212
Iceland,2005,0.4214
Iceland,2006,0.4306
Iceland,2007,0.4536
Iceland,2008,0.3978
Iceland,2009,0.3842
Iceland,2010,0.3788
Iceland,2011,0.3822
Iceland,2012,0.3838
Iceland,2013,0.4014
Iceland,2014,0.3993
Iceland,2015,0.3996
Iceland,2016,0.3953
India,1923,0.5722
India,1924,0.5642
India,1925,0.5615
India,1926,0.5555
India,1927,0.5519
India,1928,0.5482
India,1929,0.5414
India,1930,0.5404
India,1931,0.5446
India,1932,0.5453
India,1933,0.5512
India,1934,0.5523
India,1935,0.5531
India,1936,0.5545
India,1937,0.556
India,1938,0.5606
India,1939,0.5618
India,1940,0.5636
India,1941,0.5495
India,1944,0.5122
India,1945,0.5023
India,1948,0.4653
India,1949,0.4505
India,1950,0.443
India,1954,0.4982
India,1955,0.51
India,1956,0.5133
India,1957,0.5016
India,1958,0.5063
India,1959,0.4994
India,1960,0.4884
India,1961,0.4882
India,1962,0.483
India,1965,0.4705
India,1966,0.4742
India,1967,0.4729
India,1968,0.4674
India,1971,0.4617
India,1974,0.4592
India,1975,0.4604
India,1976,0.4621
India,1977,0.4604
India,1978,0.4568
India,1979,0.4459
India,1980,0.4405
India,1981,0.4348
India,1982,0.4302
India,1983,0.4722
India,1984,0.4576
India,1985,0.4695
India,1986,0.4722
India,1987,0.4678
India,1988,0.4754
India,1989,0.4755
India,1990,0.4607
India,1991,0.4648
India,1992,0.4717
India,1993,0.4853
India,1994,0.4964
India,1995,0.4967
India,1996,0.4938
India,1997,0.4999
India,1998,0.5038
India,2005,0.5562
India,2012,0.6264
India,2013,0.6279
India,2014,0.6336
India,2015,0.6382
India,2016,0.6487
India,2017,0.6528
India,2018,0.6445
India,2019,0.6399
India,2020,0.6302
India,2021,0.632
India,2022,0.6392
Indonesia,1984,0.5309
Indonesia,1987,0.5597
Indonesia,1990,0.5684
Indonesia,1993,0.5807
Indonesia,1994,0.5887
Indonesia,1995,0.5949
Indonesia,1996,0.5996
Indonesia,1997,0.5564
Indonesia,1998,0.509
Indonesia,1999,0.5018
Indonesia,2000,0.5042
Indonesia,2001,0.5141
Indonesia,2002,0.5151
Indonesia,2003,0.5159
Indonesia,2004,0.5309
Indonesia,2005,0.5413
Indonesia,2006,0.5326
Indonesia,2007,0.5432
Indonesia,2008,0.5874
Indonesia,2009,0.5986
Indonesia,2010,0.5552
Indonesia,2011,0.5706
Indonesia,2012,0.5629
Indonesia,2013,0.5554
Indonesia,2014,0.555
Indonesia,2015,0.5668
Indonesia,2016,0.5533
Indonesia,2017,0.5447
Indonesia,2018,0.5984
Iran,1986,0.6602
Iran,1990,0.6267
Iran,1994,0.6249
Iran,1998,0.6227
Iran,1999,0.6388
Iran,2000,0.6416
Iran,2001,0.6245
Iran,2002,0.6255
Iran,2003,0.6316
Iran,2004,0.6312
Iran,2005,0.6271
Iran,2006,0.6266
Iran,2007,0.6356
Iran,2008,0.5901
Iran,2009,0.5924
Iran,2010,0.6119
Iran,2011,0.5619
Iran,2012,0.5962
Iran,2013,0.5815
Iran,2014,0.5766
Iran,2015,0.5591
Iran,2016,0.5505
Iran,2017,0.5743
Iran,2018,0.5774
Iran,2019,0.5663
Iran,2020,0.5507
Iran,2021,0.5483
Iran,2022,0.5401
Iraq,2007,0.6439
Iraq,2012,0.618
Iraq,2013,0.5503
Iraq,2022,0.7384
Iraq,2024,0.7768
Ireland,1922,0.516
Ireland,1923,0.5149
Ireland,1924,0.5041
Ireland,1925,0.5004
Ireland,1926,0.4919
Ireland,1927,0.4874
Ireland,1929,0.4747
Ireland,1930,0.4704
Ireland,1931,0.4754
Ireland,1932,0.4724
Ireland,1933,0.4805
Ireland,1934,0.4787
Ireland,1935,0.4762
Ireland,1936,0.4831
Ireland,1937,0.4818
Ireland,1938,0.4797
Ireland,1939,0.483
Ireland,1940,0.4786
Ireland,1941,0.4743
Ireland,1942,0.467
Ireland,1943,0.4563
Ireland,1944,0.4564
Ireland,1945,0.451
Ireland,1946,0.4481
Ireland,1947,0.4425
Ireland,1948,0.4346
Ireland,1949,0.4287
Ireland,1950,0.4217
Ireland,1951,0.4194
Ireland,1952,0.4217
Ireland,1953,0.4171
Ireland,1964,0.4157
Ireland,1965,0.4158
Ireland,1966,0.4156
Ireland,1967,0.413
Ireland,1968,0.4092
Ireland,1969,0.4062
Ireland,1970,0.4046
Ireland,1971,0.4019
Ireland,1972,0.403
Ireland,1973,0.3952
Ireland,1975,0.3967
Ireland,1976,0.3907
Ireland,1977,0.3901
Ireland,1978,0.391
Ireland,1979,0.3978
Ireland,1980,0.4137
Ireland,1981,0.4099
Ireland,1982,0.4264
Ireland,1983,0.434
Ireland,1984,0.4207
Ireland,1985,0.4185
Ireland,1986,0.4161
Ireland,1987,0.4229
Ireland,1988,0.4138
Ireland,1989,0.4132
Ireland,1990,0.4178
Ireland,1991,0.4295
Ireland,1992,0.4285
Ireland,1993,0.4342
Ireland,1994,0.4465
Ireland,1995,0.4431
Ireland,1996,0.4217
Ireland,1997,0.4297
Ireland,1998,0.4489
Ireland,1999,0.4504
Ireland,2000,0.4639
Ireland,2001,0.4551
Ireland,2002,0.4526
Ireland,2003,0.4633
Ireland,2004,0.4689
Ireland,2005,0.4699
Ireland,2006,0.4787
Ireland,2007,0.4811
Ireland,2008,0.452
Ireland,2009,0.4353
Ireland,2010,0.4416
Ireland,2011,0.4427
Ireland,2012,0.4365
Ireland,2013,0.4525
Ireland,2014,0.4588
Ireland,2015,0.4767
Ireland,2016,0.4786
Ireland,2017,0.4665
Ireland,2018,0.4715
Ireland,2019,0.477
Ireland,2020,0.477
Ireland,2021,0.4787
Ireland,2022,0.4792
Israel,1979,0.5991
Israel,1986,0.5962
Israel,1992,0.6024
Israel,1997,0.6105
Israel,2001,0.6158
Israel,2005,0.6285
Israel,2007,0.6292
Israel,2010,0.6316
Israel,2012,0.6244
Israel,2014,0.6046
Israel,2016,0.5986
Italy,2005,0.4275
Italy,2006,0.4273
Italy,2007,0.4288
Italy,2008,0.4269
Italy,2009,0.4239
Italy,2010,0.4297
Italy,2011,0.4311
Italy,2012,0.4334
Italy,2013,0.4304
Italy,2014,0.4324
Italy,2015,0.434
Japan,2008,0.5329
Japan,2010,0.5136
Japan,2013,0.5148
Jordan,1986,0.5913
Jordan,1992,0.6403
Jordan,1997,0.5677
Jordan,2002,0.6035
Jordan,2006,0.6165
Jordan,2008,0.6174
Jordan,2011,0.5995
Jordan,2013,0.5898
Kazakhstan,1993,0.4716
Kazakhstan,1996,0.5359
Kazakhstan,2001,0.5648
Kazakhstan,2002,0.5713
Kazakhstan,2003,0.557
Kazakhstan,2004,0.5114
Kazakhstan,2005,0.5379
Kazakhstan,2006,0.5421
Kazakhstan,2007,0.5234
Kazakhstan,2008,0.5305
Kazakhstan,2009,0.5425
Kazakhstan,2010,0.5366
Kazakhstan,2011,0.5143
Kazakhstan,2012,0.5187
Kazakhstan,2013,0.517
Kazakhstan,2014,0.5023
Kazakhstan,2015,0.4816
Kazakhstan,2016,0.5251
Kazakhstan,2017,0.5281
Kazakhstan,2018,0.5314
Kenya,1992,0.7437
Kenya,1994,0.6182
Kenya,1997,0.6436
Kenya,2005,0.6514
Kenya,2015,0.5991
Kenya,2021,0.5953
Kosovo,2003,0.4848
Kosovo,2006,0.4833
Kosovo,2009,0.4915
Kosovo,2010,0.5003
Kosovo,2011,0.4771
Kosovo,2012,0.4789
Kosovo,2013,0.4691
Kosovo,2014,0.4758
Kosovo,2015,0.4733
Kosovo,2016,0.4739
Kosovo,2017,0.4808
Kuwait,2007,0.6502
Kuwait,2014,0.5503
Kyrgyzstan,1998,0.5426
Kyrgyzstan,2002,0.4982
Kyrgyzstan,2003,0.4872
Kyrgyzstan,2004,0.5491
Kyrgyzstan,2005,0.5397
Kyrgyzstan,2006,0.5651
Kyrgyzstan,2007,0.5277
Kyrgyzstan,2008,0.5197
Kyrgyzstan,2009,0.5198
Kyrgyzstan,2010,0.5144
Kyrgyzstan,2011,0.4941
Kyrgyzstan,2012,0.488
Kyrgyzstan,2013,0.4915
Kyrgyzstan,2014,0.4743
Kyrgyzstan,2015,0.4967
Kyrgyzstan,2016,0.4867
Kyrgyzstan,2017,0.503
Kyrgyzstan,2018,0.509
Kyrgyzstan,2019,0.5371
Laos,1992,0.574
Laos,1997,0.5854
Laos,2002,0.5755
Laos,2007,0.5843
Laos,2012,0.5769
Laos,2018,0.6013
Latin America (WID),1820,0.6474
Latin America (WID),1850,0.6544
Latin America (WID),1880,0.6655
Latin America (WID),1900,0.6695
Latin America (WID),1910,0.6912
Latin America (WID),1920,0.6943
Latin America (WID),1930,0.6986
Latin America (WID),1940,0.7145
Latin America (WID),1950,0.6873
Latin America (WID),1960,0.6581
Latin America (WID),1970,0.665
Latin America (WID),1980,0.7117
Latin America (WID),1981,0.7108
Latin America (WID),1982,0.7104
Latin America (WID),1983,0.7101
Latin America (WID),1984,0.711
Latin America (WID),1985,0.7118
Latin America (WID),1986,0.7083
Latin America (WID),1987,0.708
Latin America (WID),1988,0.7091
Latin America (WID),1989,0.7072
Latin America (WID),1990,0.7094
Latin America (WID),1991,0.7102
Latin America (WID),1992,0.711
Latin America (WID),1993,0.7114
Latin America (WID),1994,0.7121
Latin America (WID),1995,0.7064
Latin America (WID),1996,0.707
Latin America (WID),1997,0.709
Latin America (WID),1998,0.7102
Latin America (WID),1999,0.7105
Latin America (WID),2000,0.7105
Latin America (WID),2001,0.7142
Latin America (WID),2002,0.7154
Latin America (WID),2003,0.7119
Latin America (WID),2004,0.7092
Latin America (WID),2005,0.7097
Latin America (WID),2006,0.7075
Latin America (WID),2007,0.7095
Latin America (WID),2008,0.7061
Latin America (WID),2009,0.7008
Latin America (WID),2010,0.7017
Latin America (WID),2011,0.7024
Latin America (WID),2012,0.697
Latin America (WID),2013,0.6947
Latin America (WID),2014,0.6936
Latin America (WID),2015,0.6955
Latin America (WID),2016,0.6961
Latin America (WID),2017,0.7007
Latin America (WID),2018,0.7027
Latin America (WID),2019,0.6995
Latin America (WID),2020,0.7165
Latin America (WID),2021,0.7103
Latin America (WID),2022,0.701
Latin America (WID),2023,0.7004
Latin America (WID),2024,0.7003
Latvia,1988,0.3394
Latvia,1993,0.4346
Latvia,1996,0.4832
Latvia,1997,0.4877
Latvia,1998,0.4953
Latvia,1999,0.4966
Latvia,2000,0.4954
Latvia,2003,0.5109
Latvia,2004,0.5104
Latvia,2005,0.5282
Latvia,2006,0.4976
Latvia,2007,0.5295
Latvia,2008,0.5173
Latvia,2009,0.5008
Latvia,2010,0.4845
Latvia,2011,0.4935
Latvia,2012,0.501
Latvia,2013,0.5017
Latvia,2014,0.4932
Latvia,2015,0.4859
Latvia,2016,0.4752
Latvia,2017,0.4957
Latvia,2018,0.4937
Latvia,2019,0.4914
Latvia,2020,0.4914
Latvia,2021,0.4928
Latvia,2022,0.4926
Lebanon,2006,0.6194
Lebanon,2007,0.658
Lebanon,2008,0.6596
Lebanon,2009,0.6471
Lebanon,2010,0.6541
Lebanon,2011,0.6586
Lebanon,2012,0.6639
Lebanon,2013,0.6582
Lebanon,2014,0.6564
Lebanon,2024,0.6216
Lesotho,1986,0.7145
Lesotho,1994,0.7538
Lesotho,2002,0.6688
Lesotho,2017,0.6189
Liberia,2007,0.5551
Liberia,2014,0.5323
Liberia,2016,0.5488
Lithuania,1988,0.3673
Lithuania,1994,0.4929
Lithuania,1997,0.4539
Lithuania,1998,0.4499
Lithuania,1999,0.4422
Lithuania,2000,0.4624
Lithuania,2001,0.4656
Lithuania,2002,0.458
Lithuania,2003,0.4593
Lithuania,2004,0.489
Lithuania,2005,0.4927
Lithuania,2006,0.4727
Lithuania,2007,0.4947
Lithuania,2008,0.4968
Lithuania,2009,0.4972
Lithuania,2010,0.4711
Lithuania,2011,0.4699
Lithuania,2012,0.4933
Lithuania,2013,0.5013
Lithuania,2014,0.5346
Lithuania,2015,0.5044
Lithuania,2016,0.5024
Lithuania,2017,0.5122
Lithuania,2018,0.4988
Lithuania,2019,0.5038
Lithuania,2020,0.5048
Lithuania,2021,0.5039
Lithuania,2022,0.5026
Luxembourg,1985,0.4513
Luxembourg,1991,0.4536
Luxembourg,1994,0.4558
Luxembourg,1997,0.4801
Luxembourg,2001,0.4971
Luxembourg,2002,0.4778
Luxembourg,2003,0.4777
Luxembourg,2004,0.5158
Luxembourg,2005,0.5201
Luxembourg,2006,0.4924
Luxembourg,2007,0.5183
Luxembourg,2008,0.509
Luxembourg,2009,0.4759
Luxembourg,2010,0.4694
Luxembourg,2011,0.4691
Luxembourg,2012,0.4978
Luxembourg,2013,0.4757
Luxembourg,2014,0.4752
Luxembourg,2015,0.4512
Luxembourg,2016,0.4689
Luxembourg,2017,0.4897
Luxembourg,2018,0.4805
Luxembourg,2019,0.4607
Luxembourg,2020,0.4607
Luxembourg,2021,0.4539
Luxembourg,2022,0.4595
MENA (WID),1820,0.6239
MENA (WID),1850,0.6318
MENA (WID),1880,0.6385
MENA (WID),1900,0.6507
MENA (WID),1910,0.6759
MENA (WID),1920,0.6835
MENA (WID),1930,0.6804
MENA (WID),1940,0.6819
MENA (WID),1950,0.6464
MENA (WID),1960,0.6788
MENA (WID),1970,0.7207
MENA (WID),1980,0.7624
MENA (WID),1981,0.7573
MENA (WID),1982,0.7361
MENA (WID),1983,0.724
MENA (WID),1984,0.7187
MENA (WID),1985,0.7109
MENA (WID),1986,0.7174
MENA (WID),1987,0.7098
MENA (WID),1988,0.7112
MENA (WID),1989,0.7089
MENA (WID),1990,0.7079
MENA (WID),1991,0.7133
MENA (WID),1992,0.7103
MENA (WID),1993,0.7041
MENA (WID),1994,0.7015
MENA (WID),1995,0.7032
MENA (WID),1996,0.6994
MENA (WID),1997,0.7003
MENA (WID),1998,0.6973
MENA (WID),1999,0.6966
MENA (WID),2000,0.6989
MENA (WID),2001,0.6921
MENA (WID),2002,0.6874
MENA (WID),2003,0.6922
MENA (WID),2004,0.6887
MENA (WID),2005,0.6858
MENA (WID),2006,0.6844
MENA (WID),2007,0.6807
MENA (WID),2008,0.6736
MENA (WID),2009,0.6686
MENA (WID),2010,0.6674
MENA (WID),2011,0.6632
MENA (WID),2012,0.674
MENA (WID),2013,0.671
MENA (WID),2014,0.6703
MENA (WID),2015,0.6721
MENA (WID),2016,0.6719
MENA (WID),2017,0.6784
MENA (WID),2018,0.6815
MENA (WID),2019,0.6819
MENA (WID),2020,0.6782
MENA (WID),2021,0.6783
MENA (WID),2022,0.6841
MENA (WID),2023,0.6884
MENA (WID),2024,0.686
Madagascar,1980,0.6557
Madagascar,1993,0.6559
Madagascar,1997,0.5842
Madagascar,1999,0.5715
Madagascar,2001,0.6494
Madagascar,2005,0.6051
Madagascar,2010,0.6231
Madagascar,2012,0.6138
Madagascar,2021,0.5719
Malawi,1938,0.6434
Malawi,1945,0.6509
Malawi,1953,0.6684
Malawi,1954,0.6596
Malawi,1955,0.6679
Malawi,1956,0.6778
Malawi,1957,0.6861
Malawi,1958,0.6847
Malawi,1964,0.7053
Malawi,1965,0.7179
Malawi,1966,0.7106
Malawi,1967,0.7215
Malawi,1968,0.7363
Malawi,1969,0.7271
Malawi,1970,0.7394
Malawi,1971,0.7545
Malawi,1972,0.7734
Malawi,1973,0.7585
Malawi,1974,0.774
Malawi,1975,0.7916
Malawi,1976,0.7782
Malawi,1977,0.7939
Malawi,1978,0.8106
Malawi,1979,0.7995
Malawi,1997,0.8414
Malawi,2004,0.6101
Malawi,2010,0.6515
Malawi,2016,0.668
Malawi,2019,0.5885
Malaysia,1948,0.5085
Malaysia,1949,0.4973
Malaysia,1950,0.4967
Malaysia,1951,0.4975
Malaysia,1952,0.5048
Malaysia,1953,0.503
Malaysia,1954,0.5092
Malaysia,1955,0.5163
Malaysia,1956,0.5187
Malaysia,1957,0.5229
Malaysia,1958,0.5289
Malaysia,1959,0.5326
Malaysia,1960,0.5383
Malaysia,1961,0.542
Malaysia,1962,0.5408
Malaysia,1963,0.5438
Malaysia,1964,0.5456
Malaysia,1965,0.5463
Malaysia,1966,0.5419
Malaysia,1967,0.5439
Malaysia,1968,0.5474
Malaysia,1969,0.5453
Malaysia,1970,0.5562
Malaysia,1971,0.556
Malaysia,1972,0.5548
Malaysia,1973,0.5618
Malaysia,1974,0.5601
Malaysia,1975,0.5598
Malaysia,1984,0.5886
Malaysia,1987,0.5784
Malaysia,1989,0.5743
Malaysia,1992,0.5824
Malaysia,1995,0.5876
Malaysia,1997,0.5904
Malaysia,2002,0.5691
Malaysia,2004,0.5704
Malaysia,2007,0.5816
Malaysia,2009,0.5675
Malaysia,2012,0.5456
Malaysia,2014,0.5179
Malaysia,2016,0.4768
Malaysia,2019,0.4768
Malaysia,2022,0.4807
Maldives,2002,0.6656
Maldives,2009,0.5785
Maldives,2016,0.5052
Mali,1820,0.5855
Mali,1850,0.5932
Mali,1880,0.6227
Mali,1900,0.6047
Mali,1910,0.6355
Mali,1920,0.6378
Mali,1930,0.6402
Mali,1940,0.6448
Mali,1950,0.6478
Mali,1960,0.687
Mali,1970,0.6905
Mali,1994,0.6832
Mali,2001,0.5877
Mali,2006,0.5804
Mali,2009,0.5294
Mali,2018,0.5604
Mali,2021,0.56
Malta,2007,0.4301
Malta,2008,0.4274
Malta,2009,0.4384
Malta,2010,0.431
Malta,2011,0.4408
Malta,2012,0.4492
Malta,2013,0.451
Malta,2014,0.4563
Malta,2015,0.4655
Malta,2016,0.4546
Malta,2017,0.4624
Malta,2018,0.4506
Malta,2019,0.4706
Malta,2020,0.4706
Mauritania,1987,0.6032
Mauritania,1993,0.6988
Mauritania,1995,0.5651
Mauritania,2000,0.5742
Mauritania,2004,0.604
Mauritania,2008,0.541
Mauritania,2014,0.5213
Mauritania,2019,0.5164
Mauritius,1933,0.6445
Mauritius,1934,0.6386
Mauritius,1935,0.6413
Mauritius,1936,0.6367
Mauritius,1937,0.6389
Mauritius,1938,0.6455
Mauritius,1939,0.6376
Mauritius,1940,0.6448
Mauritius,1941,0.642
Mauritius,1942,0.6452
Mauritius,1943,0.6442
Mauritius,1944,0.6477
Mauritius,1945,0.645
Mauritius,1946,0.6397
Mauritius,1947,0.6429
Mauritius,1948,0.6453
Mauritius,1949,0.6419
Mauritius,1950,0.6478
Mauritius,1951,0.6495
Mauritius,1952,0.6555
Mauritius,1953,0.6566
Mauritius,1954,0.6607
Mauritius,1955,0.6663
Mauritius,1956,0.6675
Mauritius,1957,0.6723
Mauritius,1958,0.6774
Mauritius,1959,0.6812
Mauritius,1960,0.687
Mauritius,1961,0.6805
Mauritius,1962,0.6722
Mauritius,1963,0.6702
Mauritius,1964,0.6604
Mauritius,1965,0.6516
Mauritius,1966,0.646
Mauritius,1967,0.6399
Mauritius,1968,0.6302
Mauritius,1969,0.6276
Mauritius,1970,0.6199
Mauritius,1971,0.6102
Mauritius,1972,0.5999
Mauritius,1975,0.5794
Mauritius,1976,0.5745
Mauritius,1977,0.564
Mauritius,1978,0.5542
Mauritius,1979,0.5477
Mauritius,2006,0.5628
Mauritius,2012,0.5933
Mauritius,2017,0.5747
Mexico,2000,0.6966
Mexico,2002,0.6966
Mexico,2004,0.7272
Mexico,2006,0.7185
Mexico,2008,0.7581
Mexico,2010,0.7461
Mexico,2012,0.7576
Mexico,2014,0.7552
Mexico,2016,0.7425
Mexico,2018,0.7563
Mexico,2020,0.7333
Mexico,2022,0.7087
Moldova,1988,0.356
Moldova,1993,0.4827
Moldova,1998,0.5106
Moldova,2001,0.5054
Moldova,2002,0.5053
Moldova,2003,0.5081
Moldova,2004,0.505
Moldova,2005,0.5104
Moldova,2006,0.5123
Moldova,2007,0.5126
Moldova,2008,0.5156
Moldova,2009,0.516
Moldova,2010,0.5066
Moldova,2011,0.502
Moldova,2012,0.4966
Moldova,2013,0.4935
Moldova,2014,0.4889
Moldova,2015,0.4913
Moldova,2016,0.4839
Moldova,2017,0.4833
Moldova,2018,0.4832
Moldova,2019,0.4869
Moldova,2020,0.4869
Moldova,2021,0.4936
Mongolia,1995,0.5648
Mongolia,1998,0.5441
Mongolia,2002,0.5689
Mongolia,2007,0.576
Mongolia,2011,0.5661
Mongolia,2012,0.5797
Mongolia,2014,0.5705
Mongolia,2016,0.5582
Mongolia,2018,0.5597
Montenegro,1984,0.4167
Montenegro,1985,0.411
Montenegro,1986,0.4165
Montenegro,1987,0.4196
Montenegro,1988,0.4455
Montenegro,1990,0.4035
Montenegro,1998,0.4344
Montenegro,2001,0.4416
Montenegro,2006,0.4834
Montenegro,2007,0.4792
Montenegro,2008,0.4902
Montenegro,2009,0.4938
Montenegro,2012,0.5139
Montenegro,2013,0.5052
Montenegro,2014,0.502
Montenegro,2015,0.5335
Montenegro,2016,0.5143
Montenegro,2020,0.5054
Montenegro,2021,0.5055
Morocco,2013,0.5811
Mozambique,1996,0.7091
Mozambique,2002,0.6711
Mozambique,2008,0.6512
Mozambique,2014,0.7248
Mozambique,2019,0.6921
Mozambique,2022,0.6809
Myanmar,2015,0.6185
Myanmar,2017,0.5455
Namibia,1993,0.8269
Namibia,2003,0.7811
Namibia,2009,0.7653
Namibia,2015,0.7366
Nepal,1984,0.4352
Nepal,1995,0.5641
Nepal,2003,0.5506
Nepal,2010,0.5411
Netherlands,1981,0.3713
Netherlands,1983,0.3832
Netherlands,1985,0.3862
Netherlands,1987,0.3843
Netherlands,1991,0.379
Netherlands,1992,0.3789
Netherlands,1993,0.3817
Netherlands,1994,0.3867
Netherlands,1995,0.3866
Netherlands,1996,0.383
Netherlands,1997,0.3852
Netherlands,1998,0.3828
Netherlands,1999,0.3835
Netherlands,2000,0.3842
Netherlands,2001,0.3942
Netherlands,2002,0.3949
Netherlands,2003,0.3987
Netherlands,2004,0.4018
Netherlands,2005,0.4076
Netherlands,2006,0.4113
Netherlands,2007,0.4235
Netherlands,2008,0.3978
Netherlands,2009,0.3988
Netherlands,2010,0.4063
Netherlands,2011,0.4052
Netherlands,2012,0.4078
Netherlands,2015,0.4107
Netherlands,2016,0.4111
Netherlands,2017,0.4189
Netherlands,2018,0.4144
Netherlands,2019,0.4122
Netherlands,2020,0.4122
Netherlands,2021,0.4153
Netherlands,2022,0.4241
New Zealand,1921,0.649
New Zealand,1922,0.6206
New Zealand,1923,0.6363
New Zealand,1924,0.6344
New Zealand,1925,0.6472
New Zealand,1926,0.6546
New Zealand,1927,0.6543
New Zealand,1928,0.6569
New Zealand,1929,0.663
New Zealand,1930,0.6805
New Zealand,1931,0.6802
New Zealand,1932,0.6799
New Zealand,1933,0.6791
New Zealand,1934,0.6772
New Zealand,1935,0.6574
New Zealand,1936,0.6419
New Zealand,1937,0.5974
New Zealand,1938,0.5665
New Zealand,1939,0.5909
New Zealand,1940,0.5786
New Zealand,1941,0.5703
New Zealand,1942,0.5619
New Zealand,1943,0.5535
New Zealand,1944,0.5451
New Zealand,1945,0.5366
New Zealand,1946,0.5592
New Zealand,1947,0.5749
New Zealand,1948,0.5801
New Zealand,1949,0.5888
New Zealand,1950,0.6066
New Zealand,1951,0.5849
New Zealand,1952,0.5945
New Zealand,1953,0.5945
New Zealand,1954,0.5897
New Zealand,1955,0.5785
New Zealand,1956,0.5875
New Zealand,1957,0.5775
New Zealand,1958,0.5583
New Zealand,1959,0.5653
New Zealand,1960,0.5611
New Zealand,1961,0.5606
New Zealand,1962,0.5598
New Zealand,1963,0.5601
New Zealand,1964,0.5643
New Zealand,1965,0.5516
New Zealand,1966,0.5486
New Zealand,1967,0.5506
New Zealand,1968,0.5527
New Zealand,1969,0.5514
New Zealand,1970,0.5493
New Zealand,1971,0.5494
New Zealand,1972,0.5558
New Zealand,1973,0.5609
New Zealand,1974,0.5503
New Zealand,1975,0.5228
New Zealand,1976,0.5394
New Zealand,1977,0.5156
New Zealand,1978,0.5148
New Zealand,1979,0.5073
New Zealand,1980,0.5113
New Zealand,1981,0.5107
New Zealand,1982,0.5154
New Zealand,1983,0.5278
New Zealand,1984,0.5204
New Zealand,1985,0.5086
New Zealand,1986,0.4981
New Zealand,1987,0.4936
New Zealand,1988,0.4978
New Zealand,1989,0.5179
New Zealand,1990,0.5416
New Zealand,1991,0.5318
New Zealand,1992,0.5438
New Zealand,1993,0.55
New Zealand,1994,0.5494
New Zealand,1995,0.5484
New Zealand,1996,0.5374
New Zealand,1997,0.5471
New Zealand,1998,0.5628
New Zealand,1999,0.5299
New Zealand,2000,0.4975
New Zealand,2001,0.5074
New Zealand,2002,0.4837
New Zealand,2003,0.4804
New Zealand,2004,0.4956
New Zealand,2005,0.4619
New Zealand,2006,0.4121
New Zealand,2007,0.422
New Zealand,2008,0.4367
New Zealand,2009,0.4679
New Zealand,2010,0.5077
New Zealand,2011,0.4717
New Zealand,2012,0.4392
New Zealand,2013,0.4308
New Zealand,2014,0.429
New Zealand,2015,0.4272
New Zealand,2016,0.4254
New Zealand,2017,0.4192
New Zealand,2018,0.408
New Zealand,2019,0.4444
New Zealand,2020,0.4819
New Zealand,2021,0.4999
New Zealand,2022,0.4649
Niger,1820,0.5855
Niger,1850,0.5932
Niger,1880,0.6227
Niger,1900,0.6047
Niger,1910,0.6355
Niger,1920,0.6378
Niger,1930,0.6402
Niger,1940,0.6448
Niger,1950,0.6478
Niger,1960,0.687
Niger,1970,0.6905
Niger,1992,0.5749
Niger,1994,0.6082
Niger,2005,0.6473
Niger,2007,0.5892
Niger,2011,0.5328
Niger,2014,0.5453
Niger,2018,0.5875
Niger,2021,0.5503
Nigeria,1985,0.5637
Nigeria,1992,0.6042
Nigeria,2003,0.582
Nigeria,2010,0.5462
Nigeria,2012,0.5449
Nigeria,2015,0.5478
Nigeria,2018,0.5452
Nigeria,2022,0.5379
North America (WID),1820,0.5231
North America (WID),1850,0.5706
North America (WID),1880,0.5234
North America (WID),1900,0.533
North America (WID),1910,0.5277
North America (WID),1920,0.5399
North America (WID),1930,0.5577
North America (WID),1940,0.5658
North America (WID),1950,0.4834
North America (WID),1960,0.4586
North America (WID),1970,0.4389
North America (WID),1980,0.451
North America (WID),1981,0.457
North America (WID),1982,0.4636
North America (WID),1983,0.4748
North America (WID),1984,0.4831
North America (WID),1985,0.4851
North America (WID),1986,0.4867
North America (WID),1987,0.4947
North America (WID),1988,0.5087
North America (WID),1989,0.5053
North America (WID),1990,0.5073
North America (WID),1991,0.5066
North America (WID),1992,0.5189
North America (WID),1993,0.5177
North America (WID),1994,0.5168
North America (WID),1995,0.5251
North America (WID),1996,0.533
North America (WID),1997,0.5395
North America (WID),1998,0.5425
North America (WID),1999,0.5443
North America (WID),2000,0.549
North America (WID),2001,0.5424
North America (WID),2002,0.5377
North America (WID),2003,0.5418
North America (WID),2004,0.5486
North America (WID),2005,0.5587
North America (WID),2006,0.5644
North America (WID),2007,0.5612
North America (WID),2008,0.559
North America (WID),2009,0.5531
North America (WID),2010,0.5638
North America (WID),2011,0.5684
North America (WID),2012,0.5787
North America (WID),2013,0.5725
North America (WID),2014,0.5788
North America (WID),2015,0.5783
North America (WID),2016,0.5783
North America (WID),2017,0.5747
North America (WID),2018,0.5772
North America (WID),2019,0.5748
North America (WID),2020,0.57
North America (WID),2021,0.5792
North America (WID),2022,0.5837
North America (WID),2023,0.5825
North America (WID),2024,0.5825
North Macedonia,1984,0.3956
North Macedonia,1985,0.3912
North Macedonia,1986,0.3942
North Macedonia,1987,0.3979
North Macedonia,1988,0.4217
North Macedonia,1990,0.3833
North Macedonia,1996,0.5206
North Macedonia,1997,0.4883
North Macedonia,2000,0.4584
North Macedonia,2001,0.4724
North Macedonia,2002,0.4657
North Macedonia,2011,0.489
North Macedonia,2012,0.4784
North Macedonia,2013,0.4724
North Macedonia,2014,0.4584
North Macedonia,2015,0.4545
North Macedonia,2016,0.451
North Macedonia,2017,0.4512
North Macedonia,2018,0.4382
Norway,1991,0.3244
Norway,1995,0.3654
Norway,2000,0.4134
Norway,2004,0.4167
Norway,2007,0.4235
Norway,2010,0.4131
Norway,2013,0.415
Norway,2016,0.399
Norway,2020,0.3959
Norway,2021,0.399
Norway,2022,0.4055
Oceania (WID),1820,0.5502
Oceania (WID),1850,0.5654
Oceania (WID),1880,0.5573
Oceania (WID),1900,0.5905
Oceania (WID),1910,0.6132
Oceania (WID),1920,0.5328
Oceania (WID),1930,0.5294
Oceania (WID),1940,0.5172
Oceania (WID),1950,0.5176
Oceania (WID),1960,0.479
Oceania (WID),1970,0.4623
Oceania (WID),1980,0.4926
Oceania (WID),1981,0.4926
Oceania (WID),1982,0.4972
Oceania (WID),1983,0.4979
Oceania (WID),1984,0.498
Oceania (WID),1985,0.4994
Oceania (WID),1986,0.5037
Oceania (WID),1987,0.5151
Oceania (WID),1988,0.5255
Oceania (WID),1989,0.5153
Oceania (WID),1990,0.515
Oceania (WID),1991,0.5236
Oceania (WID),1992,0.5206
Oceania (WID),1993,0.5262
Oceania (WID),1994,0.5302
Oceania (WID),1995,0.5354
Oceania (WID),1996,0.5339
Oceania (WID),1997,0.5378
Oceania (WID),1998,0.548
Oceania (WID),1999,0.5487
Oceania (WID),2000,0.5496
Oceania (WID),2001,0.5467
Oceania (WID),2002,0.5565
Oceania (WID),2003,0.5548
Oceania (WID),2004,0.5677
Oceania (WID),2005,0.5683
Oceania (WID),2006,0.5632
Oceania (WID),2007,0.5638
Oceania (WID),2008,0.5741
Oceania (WID),2009,0.5772
Oceania (WID),2010,0.5868
Oceania (WID),2011,0.5814
Oceania (WID),2012,0.5754
Oceania (WID),2013,0.5755
Oceania (WID),2014,0.5756
Oceania (WID),2015,0.5763
Oceania (WID),2016,0.5703
Oceania (WID),2017,0.5736
Oceania (WID),2018,0.5677
Oceania (WID),2019,0.5712
Oceania (WID),2020,0.5783
Oceania (WID),2021,0.5916
Oceania (WID),2022,0.5883
Oceania (WID),2023,0.5887
Oceania (WID),2024,0.5882
Oman,2010,0.676
Pakistan,1987,0.5454
Pakistan,1990,0.5399
Pakistan,1996,0.5214
Pakistan,1998,0.5571
Pakistan,2001,0.5388
Pakistan,2005,0.5708
Pakistan,2007,0.548
Pakistan,2011,0.5341
Pakistan,2013,0.5268
Pakistan,2015,0.5405
Pakistan,2018,0.5298
Palestine,1997,0.6312
Palestine,1998,0.6361
Palestine,2007,0.6753
Palestine,2010,0.6475
Palestine,2011,0.6258
Palestine,2012,0.6329
Palestine,2016,0.6191
Palestine,2023,0.6387
Papua New Guinea,1996,0.629
Papua New Guinea,2009,0.5879
Peru,2001,0.7394
Peru,2002,0.7271
Peru,2003,0.7652
Peru,2004,0.7194
Peru,2005,0.706
Peru,2006,0.7125
Peru,2007,0.699
Peru,2008,0.695
Peru,2009,0.6799
Peru,2010,0.6785
Peru,2011,0.677
Peru,2012,0.6711
Peru,2013,0.6745
Peru,2014,0.6669
Peru,2015,0.6694
Peru,2016,0.6719
Peru,2017,0.6978
Peru,2018,0.6801
Peru,2019,0.6715
Peru,2020,0.7624
Peru,2021,0.7295
Peru,2022,0.6966
Philippines,1985,0.604
Philippines,1988,0.5985
Philippines,1991,0.626
Philippines,1994,0.6157
Philippines,1997,0.6515
Philippines,2000,0.6282
Philippines,2003,0.6106
Philippines,2006,0.6101
Philippines,2009,0.6074
Philippines,2012,0.6029
Philippines,2015,0.5906
Philippines,2018,0.5717
Poland,1924,0.4048
Poland,1925,0.4031
Poland,1926,0.398
Poland,1927,0.3959
Poland,1928,0.3941
Poland,1929,0.3903
Poland,1930,0.3893
Poland,1931,0.3927
Poland,1935,0.4003
Poland,1936,0.4047
Poland,1947,0.401
Poland,1955,0.3945
Poland,1956,0.3928
Poland,1957,0.3936
Poland,1958,0.3946
Poland,1959,0.3959
Poland,1960,0.3948
Poland,1961,0.3889
Poland,1962,0.3843
Poland,1963,0.3783
Poland,1964,0.3727
Poland,1965,0.3678
Poland,1967,0.3562
Poland,1970,0.3397
Poland,1972,0.3309
Poland,1976,0.3084
Poland,1978,0.2996
Poland,1984,0.3295
Poland,1985,0.3279
Poland,1986,0.3313
Poland,1987,0.3241
Poland,1988,0.3212
Poland,1989,0.3335
Poland,1993,0.3741
Poland,1994,0.3956
Poland,1995,0.415
Poland,1996,0.4169
Poland,1997,0.414
Poland,1998,0.4253
Poland,1999,0.4213
Poland,2000,0.4393
Poland,2001,0.4411
Poland,2002,0.4514
Poland,2003,0.4624
Poland,2004,0.4724
Poland,2005,0.4783
Poland,2006,0.4787
Poland,2007,0.4787
Poland,2008,0.4848
Poland,2009,0.4744
Poland,2010,0.4734
Poland,2011,0.4768
Poland,2012,0.4727
Poland,2013,0.472
Poland,2014,0.4769
Poland,2015,0.4812
Poland,2016,0.4805
Poland,2017,0.4761
Poland,2018,0.4819
Poland,2019,0.4841
Poland,2020,0.4841
Poland,2021,0.4849
Poland,2022,0.4857
Portugal,1936,0.4801
Portugal,1937,0.472
Portugal,1938,0.4739
Portugal,1939,0.4708
Portugal,1940,0.4786
Portugal,1941,0.4762
Portugal,1942,0.4662
Portugal,1943,0.4525
Portugal,1944,0.4494
Portugal,1945,0.445
Portugal,1946,0.4306
Portugal,1947,0.4298
Portugal,1948,0.4286
Portugal,1949,0.4236
Portugal,1950,0.4217
Portugal,1951,0.4215
Portugal,1952,0.423
Portugal,1953,0.4249
Portugal,1954,0.4261
Portugal,1955,0.4249
Portugal,1956,0.4227
Portugal,1957,0.424
Portugal,1958,0.4265
Portugal,1959,0.4294
Portugal,1960,0.4234
Portugal,1961,0.4344
Portugal,1962,0.4211
Portugal,1963,0.446
Portugal,1964,0.4375
Portugal,1965,0.4219
Portugal,1966,0.4499
Portugal,1967,0.4381
Portugal,1968,0.4223
Portugal,1969,0.4485
Portugal,1970,0.4363
Portugal,1971,0.4214
Portugal,1972,0.4028
Portugal,1973,0.4314
Portugal,1974,0.4171
Portugal,1975,0.4025
Portugal,1976,0.4064
Portugal,1977,0.399
Portugal,1978,0.3951
Portugal,1979,0.3874
Portugal,1980,0.4092
Portugal,1981,0.4026
Portugal,1982,0.4313
Portugal,1983,0.4296
Portugal,1984,0.4427
Portugal,1985,0.4483
Portugal,1986,0.4468
Portugal,1987,0.4462
Portugal,1988,0.451
Portugal,1989,0.4517
Portugal,1990,0.4473
Portugal,1991,0.4569
Portugal,1992,0.4661
Portugal,1993,0.4845
Portugal,1994,0.4956
Portugal,1995,0.4942
Portugal,1996,0.486
Portugal,1997,0.492
Portugal,1998,0.4873
Portugal,1999,0.4921
Portugal,2000,0.4913
Portugal,2001,0.5127
Portugal,2002,0.5024
Portugal,2003,0.4983
Portugal,2004,0.5148
Portugal,2005,0.5065
Portugal,2006,0.5144
Portugal,2007,0.5129
Portugal,2008,0.4966
Portugal,2009,0.4895
Portugal,2010,0.494
Portugal,2011,0.4976
Portugal,2012,0.4829
Portugal,2013,0.4943
Portugal,2014,0.4927
Portugal,2015,0.4907
Portugal,2016,0.4902
Portugal,2017,0.49
Portugal,2018,0.4808
Portugal,2019,0.4742
Portugal,2020,0.4742
Portugal,2021,0.4656
Portugal,2022,0.4656
Qatar,2007,0.6691
Qatar,2012,0.6737
Romania,1990,0.3584
Romania,1991,0.3723
Romania,1992,0.3825
Romania,1993,0.4013
Romania,1994,0.4174
Romania,1995,0.4781
Romania,1998,0.4882
Romania,1999,0.4751
Romania,2000,0.4727
Romania,2001,0.4716
Romania,2002,0.493
Romania,2003,0.5243
Romania,2004,0.5206
Romania,2005,0.5318
Romania,2006,0.5321
Romania,2007,0.5679
Romania,2008,0.5625
Romania,2009,0.5609
Romania,2010,0.5186
Romania,2011,0.5272
Romania,2012,0.5403
Romania,2013,0.5327
Romania,2014,0.5469
Romania,2015,0.5436
Romania,2016,0.5098
Romania,2017,0.5186
Romania,2018,0.5415
Romania,2019,0.5397
Romania,2020,0.5397
Romania,2021,0.5402
Romania,2022,0.541
Russia,1820,0.5285
Russia,1850,0.5322
Russia,1880,0.5387
Russia,1900,0.5505
Russia,1905,0.549
Russia,1928,0.296
Russia,1934,0.3195
Russia,1956,0.3646
Russia,1959,0.3642
Russia,1961,0.3539
Russia,1964,0.3349
Russia,1966,0.3083
Russia,1968,0.278
Russia,1972,0.2905
Russia,1976,0.2894
Russia,1980,0.3362
Russia,1985,0.338
Russia,1989,0.3405
Russia,1990,0.3255
Russia,1991,0.3355
Russia,1992,0.4354
Russia,1993,0.4594
Russia,1994,0.5366
Russia,1995,0.5619
Russia,1996,0.6343
Russia,1997,0.5923
Russia,1998,0.5636
Russia,1999,0.5816
Russia,2000,0.6014
Russia,2001,0.6079
Russia,2002,0.5931
Russia,2003,0.5963
Russia,2004,0.5892
Russia,2005,0.5826
Russia,2006,0.597
Russia,2007,0.5982
Russia,2008,0.6121
Russia,2009,0.5863
Russia,2010,0.5491
Russia,2011,0.5649
Russia,2012,0.5468
Russia,2013,0.5609
Russia,2014,0.5439
Russia,2015,0.5407
Russia,2016,0.5433
Russia,2017,0.5397
Russia and Central Asia (WID),1820,0.5389
Russia and Central Asia (WID),1850,0.5426
Russia and Central Asia (WID),1880,0.5497
Russia and Central Asia (WID),1900,0.5598
Russia and Central Asia (WID),1910,0.557
Russia and Central Asia (WID),1920,0.32
Russia and Central Asia (WID),1930,0.3185
Russia and Central Asia (WID),1940,0.348
Russia and Central Asia (WID),1950,0.3726
Russia and Central Asia (WID),1960,0.3679
Russia and Central Asia (WID),1970,0.3096
Russia and Central Asia (WID),1980,0.3675
Russia and Central Asia (WID),1981,0.3692
Russia and Central Asia (WID),1982,0.3711
Russia and Central Asia (WID),1983,0.3737
Russia and Central Asia (WID),1984,0.3745
Russia and Central Asia (WID),1985,0.377
Russia and Central Asia (WID),1986,0.3805
Russia and Central Asia (WID),1987,0.3815
Russia and Central Asia (WID),1988,0.3809
Russia and Central Asia (WID),1989,0.385
Russia and Central Asia (WID),1990,0.3763
Russia and Central Asia (WID),1991,0.3999
Russia and Central Asia (WID),1992,0.4868
Russia and Central Asia (WID),1993,0.513
Russia and Central Asia (WID),1994,0.5633
Russia and Central Asia (WID),1995,0.599
Russia and Central Asia (WID),1996,0.645
Russia and Central Asia (WID),1997,0.6151
Russia and Central Asia (WID),1998,0.5876
Russia and Central Asia (WID),1999,0.5994
Russia and Central Asia (WID),2000,0.6199
Russia and Central Asia (WID),2001,0.6271
Russia and Central Asia (WID),2002,0.6172
Russia and Central Asia (WID),2003,0.6176
Russia and Central Asia (WID),2004,0.6125
Russia and Central Asia (WID),2005,0.6084
Russia and Central Asia (WID),2006,0.6184
Russia and Central Asia (WID),2007,0.6208
Russia and Central Asia (WID),2008,0.6205
Russia and Central Asia (WID),2009,0.6005
Russia and Central Asia (WID),2010,0.5776
Russia and Central Asia (WID),2011,0.5882
Russia and Central Asia (WID),2012,0.5785
Russia and Central Asia (WID),2013,0.5872
Russia and Central Asia (WID),2014,0.5807
Russia and Central Asia (WID),2015,0.5795
Russia and Central Asia (WID),2016,0.582
Russia and Central Asia (WID),2017,0.5793
Russia and Central Asia (WID),2018,0.5811
Russia and Central Asia (WID),2019,0.5823
Russia and Central Asia (WID),2020,0.6038
Russia and Central Asia (WID),2021,0.6073
Russia and Central Asia (WID),2022,0.6093
Russia and Central Asia (WID),2023,0.6075
Russia and Central Asia (WID),2024,0.6056
Rwanda,2000,0.6808
Rwanda,2005,0.7077
Rwanda,2010,0.6734
Rwanda,2013,0.6556
Rwanda,2016,0.6361
Rwanda,2023,0.6112
Sao Tome and Principe,2000,0.5171
Sao Tome and Principe,2010,0.509
Sao Tome and Principe,2017,0.6068
Saudi Arabia,1820,0.6089
Saudi Arabia,1850,0.6204
Saudi Arabia,1880,0.6244
Saudi Arabia,1900,0.6402
Saudi Arabia,1910,0.6659
Saudi Arabia,1920,0.6773
Saudi Arabia,1930,0.6781
Saudi Arabia,1940,0.6739
Saudi Arabia,1950,0.6259
Saudi Arabia,1960,0.6759
Saudi Arabia,1970,0.7256
Saudi Arabia,2011,0.6428
Senegal,1991,0.7079
Senegal,1994,0.5975
Senegal,2001,0.6179
Senegal,2005,0.5817
Senegal,2011,0.5892
Senegal,2018,0.587
Senegal,2021,0.564
Serbia,1984,0.4409
Serbia,1985,0.4264
Serbia,1986,0.4313
Serbia,1987,0.4433
Serbia,1988,0.4448
Serbia,1990,0.4317
Serbia,1998,0.4627
Serbia,2001,0.4793
Serbia,2007,0.5451
Serbia,2008,0.5414
Serbia,2009,0.5302
Serbia,2010,0.5332
Serbia,2011,0.5341
Serbia,2012,0.5518
Serbia,2013,0.559
Serbia,2014,0.575
Serbia,2015,0.5579
Serbia,2016,0.5683
Serbia,2017,0.5226
Serbia,2018,0.4956
Serbia,2019,0.5098
Serbia,2020,0.5098
Serbia,2021,0.506
Serbia,2022,0.5154
Seychelles,1955,0.6667
Seychelles,1961,0.6848
Seychelles,1962,0.6797
Seychelles,1963,0.6795
Seychelles,1964,0.6745
Seychelles,1965,0.6692
Seychelles,1966,0.6684
Seychelles,1967,0.6632
Seychelles,1968,0.6586
Seychelles,1969,0.6581
Seychelles,1970,0.6474
Seychelles,1971,0.6437
Seychelles,1999,0.6266
Seychelles,2006,0.6254
Seychelles,2013,0.6791
Seychelles,2018,0.5049
Sierra Leone,2003,0.5957
Sierra Leone,2011,0.5418
Sierra Leone,2018,0.5711
Singapore,1947,0.3913
Singapore,1948,0.3904
Singapore,1949,0.3901
Singapore,1950,0.3931
Singapore,1951,0.3916
Singapore,1952,0.3892
Singapore,1953,0.3934
Singapore,1954,0.3919
Singapore,1956,0.3937
Singapore,1957,0.3924
Singapore,1958,0.3906
Singapore,1959,0.3945
Singapore,1960,0.3916
Singapore,1961,0.391
Singapore,1962,0.3892
Singapore,1963,0.3917
Singapore,1964,0.392
Singapore,1965,0.3899
Singapore,1966,0.39
Singapore,1967,0.3893
Singapore,1968,0.3902
Singapore,1969,0.4284
Singapore,1970,0.4405
Singapore,1971,0.4372
Singapore,1972,0.4475
Singapore,1973,0.4448
Singapore,1974,0.4426
Singapore,1975,0.4492
Singapore,1976,0.448
Singapore,1977,0.4398
Singapore,1978,0.45
Singapore,1979,0.4706
Singapore,1980,0.4539
Singapore,1981,0.4545
Singapore,1982,0.4625
Singapore,1983,0.4546
Singapore,1984,0.4501
Singapore,1985,0.4666
Singapore,1986,0.4608
Singapore,1987,0.4806
Singapore,1988,0.4651
Singapore,1989,0.4696
Singapore,1990,0.4729
Singapore,1991,0.4567
Singapore,1992,0.4536
Singapore,1993,0.4536
Singapore,1994,0.4369
Singapore,1995,0.4359
Singapore,1996,0.4593
Singapore,1997,0.4601
Singapore,1998,0.4764
Singapore,1999,0.504
Singapore,2000,0.5158
Singapore,2001,0.5501
Singapore,2002,0.5469
Singapore,2003,0.5344
Singapore,2004,0.5159
Singapore,2005,0.5061
Singapore,2006,0.5187
Singapore,2007,0.5119
Singapore,2008,0.549
Singapore,2009,0.5328
Singapore,2010,0.5226
Singapore,2011,0.5355
Singapore,2012,0.5345
Singapore,2013,0.5371
Singapore,2014,0.5445
Slovakia,1980,0.3415
Slovakia,1985,0.3251
Slovakia,1988,0.3342
Slovakia,1992,0.3342
Slovakia,1997,0.366
Slovakia,1998,0.3774
Slovakia,1999,0.3848
Slovakia,2000,0.3863
Slovakia,2001,0.4006
Slovakia,2002,0.4024
Slovakia,2003,0.3966
Slovakia,2004,0.4237
Slovakia,2008,0.4066
Slovakia,2009,0.4007
Slovakia,2010,0.4209
Slovakia,2011,0.4075
Slovakia,2012,0.4024
Slovakia,2013,0.423
Slovakia,2014,0.3952
Slovakia,2015,0.41
Slovakia,2016,0.3926
Slovakia,2017,0.3779
Slovakia,2018,0.3854
Slovakia,2019,0.3785
Slovakia,2020,0.3785
Slovakia,2021,0.3785
Slovakia,2022,0.3785
Slovenia,1992,0.3419
Slovenia,1993,0.3866
Slovenia,1994,0.3688
Slovenia,1995,0.3973
Slovenia,1996,0.4038
Slovenia,1997,0.3976
Slovenia,1998,0.404
Slovenia,1999,0.4116
Slovenia,2000,0.4031
Slovenia,2001,0.4006
Slovenia,2002,0.4056
Slovenia,2003,0.4146
Slovenia,2004,0.4144
Slovenia,2005,0.4179
Slovenia,2006,0.4197
Slovenia,2007,0.4184
Slovenia,2008,0.4176
Slovenia,2009,0.4123
Slovenia,2010,0.4146
Slovenia,2011,0.4084
Slovenia,2012,0.4149
Slovenia,2013,0.4138
Slovenia,2014,0.4184
Slovenia,2015,0.4105
Slovenia,2016,0.4127
Slovenia,2017,0.4092
Slovenia,2018,0.4077
Slovenia,2019,0.4075
Slovenia,2020,0.4075
Slovenia,2021,0.4075
Slovenia,2022,0.4072
South & South-East Asia (WID),1820,0.5666
South & South-East Asia (WID),1850,0.5716
South & South-East Asia (WID),1880,0.5997
South & South-East Asia (WID),1900,0.5959
South & South-East Asia (WID),1910,0.5461
South & South-East Asia (WID),1920,0.5928
South & South-East Asia (WID),1930,0.5697
South & South-East Asia (WID),1940,0.6055
South & South-East Asia (WID),1950,0.5058
South & South-East Asia (WID),1960,0.5394
South & South-East Asia (WID),1970,0.5544
South & South-East Asia (WID),1980,0.5662
South & South-East Asia (WID),1981,0.5621
South & South-East Asia (WID),1982,0.5607
South & South-East Asia (WID),1983,0.578
South & South-East Asia (WID),1984,0.5698
South & South-East Asia (WID),1985,0.5733
South & South-East Asia (WID),1986,0.5739
South & South-East Asia (WID),1987,0.5758
South & South-East Asia (WID),1988,0.5813
South & South-East Asia (WID),1989,0.5841
South & South-East Asia (WID),1990,0.5805
South & South-East Asia (WID),1991,0.5867
South & South-East Asia (WID),1992,0.5933
South & South-East Asia (WID),1993,0.6021
South & South-East Asia (WID),1994,0.6092
South & South-East Asia (WID),1995,0.611
South & South-East Asia (WID),1996,0.6113
South & South-East Asia (WID),1997,0.6075
South & South-East Asia (WID),1998,0.5915
South & South-East Asia (WID),1999,0.5905
South & South-East Asia (WID),2000,0.5918
South & South-East Asia (WID),2001,0.5954
South & South-East Asia (WID),2002,0.6001
South & South-East Asia (WID),2003,0.6047
South & South-East Asia (WID),2004,0.6094
South & South-East Asia (WID),2005,0.6141
South & South-East Asia (WID),2006,0.616
South & South-East Asia (WID),2007,0.619
South & South-East Asia (WID),2008,0.6278
South & South-East Asia (WID),2009,0.6299
South & South-East Asia (WID),2010,0.6314
South & South-East Asia (WID),2011,0.6398
South & South-East Asia (WID),2012,0.6418
South & South-East Asia (WID),2013,0.6394
South & South-East Asia (WID),2014,0.6432
South & South-East Asia (WID),2015,0.6448
South & South-East Asia (WID),2016,0.6457
South & South-East Asia (WID),2017,0.643
South & South-East Asia (WID),2018,0.6452
South & South-East Asia (WID),2019,0.6431
South & South-East Asia (WID),2020,0.6385
South & South-East Asia (WID),2021,0.6397
South & South-East Asia (WID),2022,0.6428
South & South-East Asia (WID),2023,0.6433
South & South-East Asia (WID),2024,0.6427
South Africa,1993,0.5781
South Africa,2000,0.6481
South Africa,2005,0.6754
South Africa,2008,0.6967
South Africa,2010,0.7094
South Africa,2014,0.7465
South Korea,1982,0.427
South Korea,1991,0.3892
South Korea,1996,0.3626
South Korea,2000,0.4061
South Korea,2007,0.4725
South Korea,2008,0.4786
South Korea,2009,0.4723
South Korea,2010,0.4884
South Korea,2011,0.4826
South Korea,2012,0.4761
South Korea,2013,0.4645
South Korea,2014,0.4681
South Korea,2015,0.4742
South Korea,2016,0.4988
South Korea,2017,0.5078
South Korea,2018,0.5047
South Korea,2019,0.4977
South Korea,2020,0.5013
South Korea,2021,0.5068
South Korea,2022,0.5032
South Sudan,2009,0.6218
South Sudan,2016,0.6161
Spain,1982,0.4608
Spain,1983,0.4592
Spain,1984,0.4601
Spain,1985,0.4661
Spain,1986,0.476
Spain,1987,0.4778
Spain,1988,0.4803
Spain,1989,0.4866
Spain,1990,0.4843
Spain,1991,0.4777
Spain,1992,0.4705
Spain,1993,0.4642
Spain,1994,0.4703
Spain,1995,0.4745
Spain,1996,0.4718
Spain,1997,0.4606
Spain,1998,0.4635
Spain,1999,0.4669
Spain,2000,0.4588
Spain,2001,0.455
Spain,2002,0.4551
Spain,2003,0.4575
Spain,2004,0.4554
Spain,2005,0.4526
Spain,2006,0.4576
Spain,2007,0.458
Spain,2008,0.4604
Spain,2009,0.4696
Spain,2010,0.4555
Spain,2011,0.4537
Spain,2012,0.4539
Spain,2015,0.4629
Spain,2016,0.4629
Spain,2017,0.4588
Spain,2018,0.4521
Spain,2019,0.4479
Spain,2020,0.4479
Spain,2021,0.4484
Spain,2022,0.4464
Sri Lanka,1985,0.534
Sri Lanka,1990,0.5478
Sri Lanka,1995,0.562
Sri Lanka,2002,0.6144
Sri Lanka,2006,0.6062
Sri Lanka,2009,0.5723
Sri Lanka,2012,0.5919
Sri Lanka,2016,0.5911
Sub-Saharan Africa (WID),1820,0.6129
Sub-Saharan Africa (WID),1850,0.62
Sub-Saharan Africa (WID),1880,0.6607
Sub-Saharan Africa (WID),1900,0.6388
Sub-Saharan Africa (WID),1910,0.6599
Sub-Saharan Africa (WID),1920,0.6635
Sub-Saharan Africa (WID),1930,0.6816
Sub-Saharan Africa (WID),1940,0.6951
Sub-Saharan Africa (WID),1950,0.7012
Sub-Saharan Africa (WID),1960,0.7286
Sub-Saharan Africa (WID),1970,0.7315
Sub-Saharan Africa (WID),1980,0.7087
Sub-Saharan Africa (WID),1981,0.709
Sub-Saharan Africa (WID),1982,0.7084
Sub-Saharan Africa (WID),1983,0.707
Sub-Saharan Africa (WID),1984,0.7084
Sub-Saharan Africa (WID),1985,0.7046
Sub-Saharan Africa (WID),1986,0.6996
Sub-Saharan Africa (WID),1987,0.6999
Sub-Saharan Africa (WID),1988,0.7017
Sub-Saharan Africa (WID),1989,0.7014
Sub-Saharan Africa (WID),1990,0.7016
Sub-Saharan Africa (WID),1991,0.7059
Sub-Saharan Africa (WID),1992,0.7086
Sub-Saharan Africa (WID),1993,0.7008
Sub-Saharan Africa (WID),1994,0.7023
Sub-Saharan Africa (WID),1995,0.7032
Sub-Saharan Africa (WID),1996,0.7014
Sub-Saharan Africa (WID),1997,0.7014
Sub-Saharan Africa (WID),1998,0.6971
Sub-Saharan Africa (WID),1999,0.693
Sub-Saharan Africa (WID),2000,0.695
Sub-Saharan Africa (WID),2001,0.6958
Sub-Saharan Africa (WID),2002,0.6982
Sub-Saharan Africa (WID),2003,0.6962
Sub-Saharan Africa (WID),2004,0.6942
Sub-Saharan Africa (WID),2005,0.6947
Sub-Saharan Africa (WID),2006,0.694
Sub-Saharan Africa (WID),2007,0.6941
Sub-Saharan Africa (WID),2008,0.6911
Sub-Saharan Africa (WID),2009,0.6865
Sub-Saharan Africa (WID),2010,0.6872
Sub-Saharan Africa (WID),2011,0.6872
Sub-Saharan Africa (WID),2012,0.6869
Sub-Saharan Africa (WID),2013,0.6865
Sub-Saharan Africa (WID),2014,0.6834
Sub-Saharan Africa (WID),2015,0.6812
Sub-Saharan Africa (WID),2016,0.6776
Sub-Saharan Africa (WID),2017,0.6739
Sub-Saharan Africa (WID),2018,0.6692
Sub-Saharan Africa (WID),2019,0.6651
Sub-Saharan Africa (WID),2020,0.6607
Sub-Saharan Africa (WID),2021,0.661
Sub-Saharan Africa (WID),2022,0.6588
Sub-Saharan Africa (WID),2023,0.6576
Sub-Saharan Africa (WID),2024,0.6604
Sudan,2009,0.5436
Sudan,2014,0.5537
Sweden,1935,0.4509
Sweden,1940,0.4335
Sweden,1941,0.4288
Sweden,1943,0.4231
Sweden,1944,0.4175
Sweden,1945,0.4114
Sweden,1946,0.411
Sweden,1947,0.4016
Sweden,1948,0.3945
Sweden,1949,0.3895
Sweden,1950,0.3864
Sweden,1951,0.3839
Sweden,1952,0.3831
Sweden,1953,0.3791
Sweden,1954,0.3783
Sweden,1955,0.3777
Sweden,1956,0.3744
Sweden,1957,0.3744
Sweden,1958,0.3736
Sweden,1959,0.3739
Sweden,1960,0.3716
Sweden,1961,0.3705
Sweden,1962,0.3679
Sweden,1963,0.368
Sweden,1964,0.3658
Sweden,1965,0.363
Sweden,1966,0.3631
Sweden,1967,0.3619
Sweden,1968,0.3584
Sweden,1969,0.36
Sweden,1970,0.3637
Sweden,1971,0.3528
Sweden,1972,0.3478
Sweden,1973,0.3506
Sweden,1974,0.3476
Sweden,1975,0.3431
Sweden,1976,0.3434
Sweden,1977,0.3399
Sweden,1978,0.3368
Sweden,1979,0.3343
Sweden,1980,0.3534
Sweden,1981,0.3501
Sweden,1982,0.3599
Sweden,1983,0.3633
Sweden,1984,0.3721
Sweden,1985,0.371
Sweden,1986,0.3706
Sweden,1987,0.3706
Sweden,1988,0.376
Sweden,1989,0.3698
Sweden,1990,0.3571
Sweden,1991,0.3643
Sweden,1992,0.3606
Sweden,1993,0.3691
Sweden,1994,0.3957
Sweden,1995,0.4007
Sweden,1996,0.3943
Sweden,1997,0.4052
Sweden,1998,0.4065
Sweden,1999,0.4091
Sweden,2000,0.392
Sweden,2001,0.3832
Sweden,2002,0.3853
Sweden,2003,0.3958
Sweden,2004,0.401
Sweden,2005,0.4115
Sweden,2006,0.4209
Sweden,2007,0.4202
Sweden,2008,0.4133
Sweden,2009,0.4052
Sweden,2010,0.4212
Sweden,2011,0.4147
Sweden,2012,0.394
Sweden,2013,0.3959
Sweden,2014,0.4013
Sweden,2015,0.4099
Sweden,2016,0.3937
Sweden,2017,0.4007
Sweden,2018,0.3961
Sweden,2019,0.4038
Sweden,2020,0.4038
Sweden,2021,0.4014
Sweden,2022,0.3971
Switzerland,1933,0.4718
Switzerland,1934,0.4728
Switzerland,1936,0.4738
Switzerland,1939,0.4795
Switzerland,1941,0.4722
Switzerland,1943,0.4605
Switzerland,1945,0.4498
Switzerland,1947,0.4379
Switzerland,1949,0.4269
Switzerland,1951,0.4214
Switzerland,1953,0.4212
Switzerland,1955,0.4223
Switzerland,1957,0.4228
Switzerland,1959,0.4237
Switzerland,1961,0.4219
Switzerland,1963,0.4183
Switzerland,1965,0.4138
Switzerland,1967,0.4107
Switzerland,1969,0.4075
Switzerland,1971,0.4022
Switzerland,1973,0.3964
Switzerland,1975,0.3932
Switzerland,1977,0.3886
Switzerland,1979,0.385
Switzerland,1982,0.4074
Switzerland,1983,0.409
Switzerland,1985,0.4139
Switzerland,1987,0.4122
Switzerland,1989,0.4049
Switzerland,1992,0.4024
Switzerland,1993,0.4028
Switzerland,1996,0.4129
Switzerland,1997,0.4182
Switzerland,1998,0.4229
Switzerland,1999,0.4175
Switzerland,2000,0.4239
Switzerland,2001,0.4185
Switzerland,2002,0.4108
Switzerland,2003,0.4281
Switzerland,2004,0.4317
Switzerland,2005,0.4435
Switzerland,2006,0.4483
Switzerland,2007,0.4364
Switzerland,2008,0.4148
Switzerland,2009,0.4208
Switzerland,2010,0.4403
Switzerland,2011,0.4389
Switzerland,2012,0.4314
Switzerland,2015,0.4301
Switzerland,2016,0.4308
Switzerland,2017,0.4266
Switzerland,2018,0.4163
Switzerland,2019,0.4127
Switzerland,2020,0.4127
Switzerland,2021,0.4142
Switzerland,2022,0.4234
Syria,1996,0.6416
Syria,2004,0.657
Taiwan,1982,0.4866
Taiwan,1983,0.4857
Taiwan,1984,0.489
Taiwan,1985,0.5011
Taiwan,1986,0.4944
Taiwan,1987,0.4984
Taiwan,1988,0.491
Taiwan,1989,0.4999
Taiwan,1990,0.5067
Taiwan,1991,0.5112
Taiwan,1992,0.5048
Taiwan,1993,0.5115
Taiwan,1994,0.5204
Taiwan,1995,0.5277
Taiwan,1996,0.5318
Taiwan,1997,0.5373
Taiwan,1998,0.547
Taiwan,1999,0.5525
Taiwan,2000,0.5656
Taiwan,2001,0.5907
Taiwan,2002,0.5903
Taiwan,2003,0.605
Taiwan,2004,0.6056
Taiwan,2005,0.6165
Taiwan,2006,0.6167
Taiwan,2007,0.6206
Taiwan,2008,0.6062
Taiwan,2009,0.6078
Taiwan,2010,0.6263
Taiwan,2011,0.6196
Taiwan,2012,0.6109
Taiwan,2013,0.6096
Taiwan,2014,0.6267
Taiwan,2015,0.6103
Taiwan,2016,0.6228
Taiwan,2017,0.6086
Tajikistan,1999,0.4961
Tajikistan,2003,0.5393
Tajikistan,2004,0.5384
Tajikistan,2007,0.5265
Tajikistan,2009,0.5306
Tajikistan,2015,0.525
Tanzania,1948,0.6461
Tanzania,1949,0.6448
Tanzania,1950,0.6478
Tanzania,1951,0.6533
Tanzania,1952,0.6558
Tanzania,1953,0.6572
Tanzania,1954,0.6616
Tanzania,1955,0.6668
Tanzania,1956,0.6682
Tanzania,1957,0.6731
Tanzania,1958,0.6782
Tanzania,1959,0.6799
Tanzania,1960,0.687
Tanzania,1961,0.6797
Tanzania,1962,0.6712
Tanzania,1963,0.6624
Tanzania,1964,0.6532
Tanzania,1965,0.6467
Tanzania,1966,0.6358
Tanzania,1967,0.6289
Tanzania,1968,0.6221
Tanzania,1969,0.6118
Tanzania,1970,0.6048
Tanzania,1991,0.5458
Tanzania,2000,0.5664
Tanzania,2007,0.5996
Tanzania,2011,0.5885
Tanzania,2017,0.6125
Thailand,1981,0.6688
Thailand,1988,0.6694
Thailand,1990,0.6752
Thailand,1992,0.6906
Thailand,1994,0.6651
Thailand,1996,0.6587
Thailand,1999,0.6561
Thailand,2000,0.6581
Thailand,2001,0.681
Thailand,2002,0.6583
Thailand,2003,0.6731
Thailand,2004,0.6562
Thailand,2005,0.6546
Thailand,2006,0.6522
Thailand,2007,0.6469
Thailand,2008,0.6487
Thailand,2009,0.6357
Thailand,2010,0.6471
Thailand,2011,0.6366
Thailand,2012,0.6418
Thailand,2013,0.6196
Thailand,2014,0.6252
Thailand,2015,0.6044
Thailand,2016,0.6099
Thailand,2017,0.6466
Thailand,2018,0.6233
Thailand,2019,0.6101
Thailand,2020,0.6185
Thailand,2021,0.6429
Togo,2006,0.6098
Togo,2011,0.6339
Togo,2015,0.6038
Togo,2018,0.6132
Togo,2021,0.5761
Tunisia,1946,0.6459
Tunisia,1947,0.6416
Tunisia,1948,0.6347
Tunisia,1952,0.6359
Tunisia,1953,0.6427
Tunisia,1954,0.6471
Tunisia,1955,0.6512
Tunisia,1956,0.6569
Tunisia,2005,0.6595
Tunisia,2010,0.6326
Tunisia,2011,0.6281
Tunisia,2013,0.6253
Tunisia,2021,0.6253
Turkey,1987,0.6809
Turkey,1994,0.6389
Turkey,2007,0.5791
Turkey,2008,0.5875
Turkey,2009,0.6036
Turkey,2010,0.5947
Turkey,2011,0.5963
Turkey,2012,0.597
Turkey,2013,0.5869
Turkey,2014,0.5946
Turkey,2015,0.6005
Turkey,2016,0.6082
Turkey,2017,0.6392
Turkey,2018,0.6441
Turkey,2019,0.6363
Turkey,2020,0.6135
Turkey,2021,0.6023
Turkey,2022,0.6238
Turkey,2023,0.644
Turkey,2024,0.6231
Turkmenistan,1998,0.5971
Uganda,1948,0.6477
Uganda,1949,0.6461
Uganda,1950,0.6478
Uganda,1951,0.651
Uganda,1952,0.6556
Uganda,1953,0.6612
Uganda,1954,0.6644
Uganda,1955,0.6672
Uganda,1956,0.6696
Uganda,1957,0.6742
Uganda,1958,0.6787
Uganda,1959,0.6817
Uganda,1960,0.687
Uganda,1961,0.6837
Uganda,1962,0.6793
Uganda,1963,0.6751
Uganda,1964,0.6708
Uganda,1965,0.6673
Uganda,1966,0.6623
Uganda,1967,0.6588
Uganda,1968,0.6554
Uganda,1969,0.6505
Uganda,1970,0.6467
Uganda,1989,0.6214
Uganda,1992,0.6181
Uganda,1996,0.5924
Uganda,1999,0.6286
Uganda,2002,0.6539
Uganda,2005,0.6264
Uganda,2009,0.6395
Uganda,2012,0.6066
Uganda,2016,0.6239
Uganda,2019,0.6291
United Arab Emirates,1998,0.6624
United Arab Emirates,2009,0.6806
United Arab Emirates,2014,0.6255
United Arab Emirates,2018,0.5994
United Kingdom,1982,0.4088
United Kingdom,1983,0.414
United Kingdom,1984,0.4207
United Kingdom,1985,0.4236
United Kingdom,1986,0.4251
United Kingdom,1987,0.4292
United Kingdom,1988,0.4367
United Kingdom,1989,0.4354
United Kingdom,1990,0.46
United Kingdom,1991,0.4659
United Kingdom,1992,0.4668
United Kingdom,1993,0.4727
United Kingdom,1994,0.4699
United Kingdom,1995,0.4758
United Kingdom,1996,0.4813
United Kingdom,1997,0.4816
United Kingdom,1998,0.4875
United Kingdom,1999,0.4919
United Kingdom,2000,0.4823
United Kingdom,2001,0.4867
United Kingdom,2002,0.4887
United Kingdom,2003,0.4991
United Kingdom,2004,0.4914
United Kingdom,2005,0.5008
United Kingdom,2006,0.5034
United Kingdom,2007,0.5004
United Kingdom,2008,0.4899
United Kingdom,2009,0.5074
United Kingdom,2010,0.4675
United Kingdom,2011,0.4754
United Kingdom,2012,0.4866
United Kingdom,2015,0.4703
United Kingdom,2016,0.4688
United Kingdom,2017,0.468
United Kingdom,2018,0.4689
United Kingdom,2019,0.4663
United Kingdom,2020,0.4663
United Kingdom,2021,0.4683
United States,1913,0.5557
United States,1914,0.5607
United States,1915,0.555
United States,1916,0.5657
United States,1917,0.5692
United States,1918,0.5628
United States,1919,0.5756
United States,1920,0.5377
United States,1921,0.586
United States,1922,0.5766
United States,1923,0.5589
United States,1924,0.5761
United States,1925,0.5884
United States,1926,0.5926
United States,1927,0.5879
United States,1928,0.5957
United States,1929,0.5872
United States,1930,0.5594
United States,1931,0.582
United States,1932,0.596
United States,1933,0.5947
United States,1934,0.6008
United States,1935,0.5883
United States,1936,0.5914
United States,1937,0.5851
United States,1938,0.5811
United States,1939,0.5919
United States,1940,0.5678
United States,1941,0.5782
United States,1942,0.5234
United States,1943,0.4962
United States,1944,0.4736
United States,1945,0.5056
United States,1946,0.5028
United States,1947,0.5017
United States,1948,0.51
United States,1949,0.5098
United States,1950,0.4865
United States,1951,0.4956
United States,1952,0.4831
United States,1953,0.475
United States,1954,0.4832
United States,1955,0.4847
United States,1956,0.4753
United States,1957,0.4754
United States,1958,0.4818
United States,1959,0.4867
United States,1960,0.4612
United States,1961,0.4897
United States,1962,0.4737
United States,1963,0.4802
United States,1964,0.4861
United States,1965,0.4803
United States,1966,0.4746
United States,1967,0.4547
United States,1968,0.4572
United States,1969,0.4439
United States,1970,0.4427
United States,1971,0.452
United States,1972,0.456
United States,1973,0.454
United States,1974,0.443
United States,1975,0.4509
United States,1976,0.4495
United States,1977,0.4537
United States,1978,0.4527
United States,1979,0.4533
United States,1980,0.454
United States,1981,0.4605
United States,1982,0.4677
United States,1983,0.4803
United States,1984,0.4889
United States,1985,0.4908
United States,1986,0.4923
United States,1987,0.5003
United States,1988,0.5145
United States,1989,0.5111
United States,1990,0.5126
United States,1991,0.5114
United States,1992,0.5236
United States,1993,0.5211
United States,1994,0.5201
United States,1995,0.5284
United States,1996,0.5356
United States,1997,0.5418
United States,1998,0.5433
United States,1999,0.5467
United States,2000,0.5501
United States,2001,0.5438
United States,2002,0.5402
United States,2003,0.544
United States,2004,0.551
United States,2005,0.5616
United States,2006,0.5678
United States,2007,0.5645
United States,2008,0.5624
United States,2009,0.557
United States,2010,0.5675
United States,2011,0.5731
United States,2012,0.584
United States,2013,0.5773
United States,2014,0.5841
United States,2015,0.5831
United States,2016,0.5851
United States,2017,0.5805
United States,2018,0.5836
United States,2019,0.5805
United States,2020,0.5739
United States,2021,0.5831
United States,2022,0.5883
United States,2023,0.5869
United States,2024,0.5869
Uruguay,2001,0.6125
Uruguay,2002,0.6095
Uruguay,2003,0.6241
Uruguay,2004,0.6154
Uruguay,2005,0.6042
Uruguay,2008,0.6043
Uruguay,2009,0.591
Uruguay,2010,0.5778
Uruguay,2011,0.5587
Uruguay,2012,0.5428
Uruguay,2013,0.5431
Uruguay,2014,0.5446
Uruguay,2015,0.5512
Uruguay,2016,0.5578
Uruguay,2017,0.5644
Uruguay,2018,0.569
Uruguay,2019,0.5649
Uruguay,2020,0.5681
Uruguay,2021,0.5748
Uruguay,2022,0.5583
Uzbekistan,1998,0.6106
Uzbekistan,2000,0.5709
Uzbekistan,2003,0.5689
Vietnam,1992,0.5789
Vietnam,1998,0.5809
Vietnam,2002,0.5969
Vietnam,2004,0.5897
Vietnam,2006,0.5706
Vietnam,2008,0.5727
Vietnam,2010,0.6044
Vietnam,2012,0.5669
Vietnam,2014,0.5594
Vietnam,2016,0.5631
Vietnam,2018,0.5616
World,1820,0.5909
World,1850,0.6256
World,1880,0.6713
World,1900,0.6917
World,1910,0.6919
World,1920,0.6827
World,1930,0.6599
World,1940,0.6593
World,1950,0.654
World,1960,0.6561
World,1970,0.6643
World,1980,0.6895
World,1981,0.6877
World,1982,0.6838
World,1983,0.685
World,1984,0.6859
World,1985,0.6875
World,1986,0.6894
World,1987,0.6901
World,1988,0.6935
World,1989,0.6968
World,1990,0.6983
World,1991,0.7003
World,1992,0.7039
World,1993,0.7036
World,1994,0.7063
World,1995,0.7053
World,1996,0.7083
World,1997,0.7074
World,1998,0.7105
World,1999,0.7112
World,2000,0.7144
World,2001,0.7131
World,2002,0.7113
World,2003,0.7103
World,2004,0.709
World,2005,0.7091
World,2006,0.7064
World,2007,0.7042
World,2008,0.7
World,2009,0.6912
World,2010,0.6897
World,2011,0.6886
World,2012,0.6854
World,2013,0.6838
World,2014,0.6799
World,2015,0.6789
World,2016,0.6778
World,2017,0.6785
World,2018,0.6774
World,2019,0.6752
World,2020,0.6755
World,2021,0.6789
World,2022,0.6789
World,2023,0.6777
World,2024,0.6769
Yemen,1998,0.668
Yemen,2006,0.7004
Yemen,2011,0.6995
Yemen,2014,0.6875
Zambia,1929,0.631
Zambia,1930,0.6402
Zambia,1931,0.6413
Zambia,1932,0.6408
Zambia,1933,0.6328
Zambia,1934,0.6363
Zambia,1935,0.6406
Zambia,1936,0.6345
Zambia,1937,0.6364
Zambia,1943,0.6516
Zambia,1944,0.6515
Zambia,1945,0.6482
Zambia,1946,0.6566
Zambia,1947,0.6537
Zambia,1948,0.6503
Zambia,1949,0.6499
Zambia,1950,0.6478
Zambia,1951,0.6478
Zambia,1952,0.6554
Zambia,1953,0.6534
Zambia,1954,0.6591
Zambia,1955,0.6657
Zambia,1956,0.6649
Zambia,1957,0.6722
Zambia,1958,0.6775
Zambia,1963,0.6896
Zambia,1968,0.7015
Zambia,1970,0.7003
Zambia,1991,0.7207
Zambia,1993,0.677
Zambia,1996,0.6587
Zambia,1998,0.6662
Zambia,2002,0.6208
Zambia,2004,0.7066
Zambia,2006,0.7078
Zambia,2010,0.6879
Zambia,2015,0.7133
Zambia,2022,0.6769
Zimbabwe,1917,0.6308
Zimbabwe,1918,0.6385
Zimbabwe,1919,0.6322
Zimbabwe,1920,0.6378
Zimbabwe,1921,0.6341
Zimbabwe,1922,0.638
Zimbabwe,1923,0.6309
Zimbabwe,1924,0.6366
Zimbabwe,1925,0.6386
Zimbabwe,1926,0.6425
Zimbabwe,1927,0.6437
Zimbabwe,1928,0.6419
Zimbabwe,1929,0.6448
Zimbabwe,1930,0.6402
Zimbabwe,1931,0.6446
Zimbabwe,1932,0.6415
Zimbabwe,1933,0.648
Zimbabwe,1934,0.6461
Zimbabwe,1935,0.644
Zimbabwe,1936,0.6453
Zimbabwe,1937,0.6452
Zimbabwe,1938,0.6424
Zimbabwe,1939,0.6417
Zimbabwe,1945,0.6478
Zimbabwe,1946,0.6538
Zimbabwe,1947,0.6513
Zimbabwe,1948,0.6499
Zimbabwe,1949,0.6504
Zimbabwe,1950,0.6478
Zimbabwe,1951,0.6496
Zimbabwe,1952,0.6554
Zimbabwe,1953,0.6558
Zimbabwe,1954,0.661
Zimbabwe,1955,0.6663
Zimbabwe,1956,0.6694
Zimbabwe,1957,0.6732
Zimbabwe,1958,0.6773
Zimbabwe,1959,0.6803
Zimbabwe,1960,0.687
Zimbabwe,1961,0.6803
Zimbabwe,1962,0.6787
Zimbabwe,1963,0.6704
Zimbabwe,1964,0.6675
Zimbabwe,1965,0.6655
Zimbabwe,1966,0.6581
Zimbabwe,1967,0.6553
Zimbabwe,1968,0.653
Zimbabwe,1969,0.6477
Zimbabwe,1970,0.6478
Zimbabwe,1971,0.6446
Zimbabwe,1972,0.6388
Zimbabwe,1973,0.6379
Zimbabwe,1974,0.6325
Zimbabwe,1975,0.6274
Zimbabwe,1976,0.625
Zimbabwe,1977,0.6196
Zimbabwe,1978,0.6159
Zimbabwe,2011,0.6223
Zimbabwe,2017,0.6358
Zimbabwe,2019,0.6851